hTeamCode,aTeamCode,gDate,sTime,eTime,hSetPoint,aSetPoint,place,city,spectators,aTeamName,totalTime,fetch_gNum,fetch_gPart_success
1001,1004,2022.10.22,14:00,16:03,3,1,인천계양체육관,인천,1987,KB손해보험,1:52,1,201
2001,2002,2022.10.22,14:00,15:29,3,0,수원체육관,수원,2913,한국도로공사,1:21,2,201
1008,1006,2022.10.23,14:25,15:57,0,3,안산상록수체육관,안산,1661,한국전력,1:24,3,201
2006,2005,2022.10.23,16:00,17:31,0,3,화성종합실내체육관,화성,2579,GS칼텍스,1:23,4,201
1002,1005,2022.10.25,19:00,21:05,1,3,대전충무체육관,대전,931,현대캐피탈,1:54,5,201
2004,2007,2022.10.25,19:00,20:26,3,0,인천삼산월드체육관,인천,4345,페퍼저축은행,1:18,6,201
1008,1009,2022.10.26,19:00,20:32,0,3,안산상록수체육관,안산,878,우리카드,1:24,7,201
2006,2003,2022.10.26,19:00,21:31,2,3,화성종합실내체육관,화성,1423,KGC인삼공사,2:17,8,201
1004,1006,2022.10.27,19:00,21:19,3,1,의정부체육관,의정부,1672,한국전력,2:08,9,201
2002,2005,2022.10.27,19:00,21:28,3,2,김천실내체육관,김천,1563,GS칼텍스,2:14,10,201
1005,1001,2022.10.28,19:00,20:42,0,3,천안유관순체육관,천안,1839,대한항공,1:34,11,201
2007,2001,2022.10.28,19:00,21:08,1,3,페퍼스타디움,광주,2100,현대건설,1:57,12,201
1009,1002,2022.10.29,14:00,16:20,3,1,서울장충체육관,서울,2520,삼성화재,2:09,13,201
2003,2004,2022.10.29,16:00,17:42,0,3,대전충무체육관,대전,3304,흥국생명,1:34,14,201
1004,1008,2022.10.30,14:00,16:36,3,2,의정부체육관,의정부,1648,OK금융그룹,2:22,15,201
2002,2006,2022.10.30,16:00,18:03,1,3,김천실내체육관,김천,2354,IBK기업은행,1:52,16,201
1001,1002,2022.11.1,19:00,20:27,3,0,인천계양체육관,인천,685,삼성화재,1:19,17,201
2001,2004,2022.11.1,19:00,21:01,3,1,수원체육관,수원,3652,흥국생명,1:50,18,201
1006,1005,2022.11.2,19:00,20:33,0,3,수원체육관,수원,884,현대캐피탈,1:25,19,201
2005,2007,2022.11.2,19:00,20:51,3,1,서울장충체육관,서울,1517,페퍼저축은행,1:40,20,201
1009,1004,2022.11.3,19:00,20:44,0,3,서울장충체육관,서울,2041,KB손해보험,1:36,21,201
2003,2002,2022.11.3,19:00,21:00,1,3,대전충무체육관,대전,1131,한국도로공사,1:49,22,201
1002,1008,2022.11.4,19:00,21:07,1,3,대전충무체육관,대전,578,OK금융그룹,1:56,23,201
2004,2006,2022.11.4,19:00,20:35,3,0,인천삼산월드체육관,인천,4765,IBK기업은행,1:27,24,201
1001,1006,2022.11.5,14:00,16:16,3,2,인천계양체육관,인천,1536,한국전력,2:02,25,201
2001,2005,2022.11.5,16:00,17:33,3,0,수원체육관,수원,2487,GS칼텍스,1:25,26,201
1005,1009,2022.11.6,14:00,16:13,3,1,천안유관순체육관,천안,2268,우리카드,2:02,27,201
2007,2003,2022.11.6,16:00,18:30,2,3,페퍼스타디움,광주,1571,KGC인삼공사,2:16,28,201
1008,1001,2022.11.8,19:00,21:22,1,3,안산상록수체육관,안산,915,대한항공,2:11,29,201
2006,2001,2022.11.8,19:00,21:08,1,3,화성종합실내체육관,화성,1249,현대건설,1:57,30,201
1004,1005,2022.11.9,19:00,20:38,0,3,의정부체육관,의정부,1351,현대캐피탈,1:30,31,201
2002,2007,2022.11.9,19:00,20:35,3,0,김천실내체육관,김천,982,페퍼저축은행,1:27,32,201
1006,1002,2022.11.10,19:00,20:37,3,0,수원체육관,수원,633,삼성화재,1:29,33,201
2005,2004,2022.11.10,19:00,20:25,0,3,서울장충체육관,서울,3325,흥국생명,1:17,34,201
1009,1001,2022.11.11,19:00,21:45,3,2,서울장충체육관,서울,2678,대한항공,2:31,35,201
2003,2001,2022.11.11,19:00,21:35,2,3,대전충무체육관,대전,1411,현대건설,2:21,36,201
1005,1008,2022.11.12,14:00,15:44,0,3,천안유관순체육관,천안,1932,OK금융그룹,1:36,37,201
2007,2006,2022.11.12,16:00,17:59,1,3,페퍼스타디움,광주,1762,IBK기업은행,1:48,38,201
1002,1004,2022.11.13,14:00,16:54,3,2,대전충무체육관,대전,912,KB손해보험,2:40,39,201
2004,2002,2022.11.13,16:00,18:20,3,2,인천삼산월드체육관,인천,5800,한국도로공사,2:06,40,201
1006,1009,2022.11.15,19:00,21:18,3,1,수원체육관,수원,552,우리카드,2:07,41,201
2005,2003,2022.11.15,19:00,20:29,0,3,서울장충체육관,서울,2059,KGC인삼공사,1:21,42,201
1001,1005,2022.11.16,19:00,20:30,3,0,인천계양체육관,인천,1182,현대캐피탈,1:22,43,201
2001,2007,2022.11.16,19:00,20:22,3,0,수원체육관,수원,996,페퍼저축은행,1:14,44,201
1008,1004,2022.11.17,19:00,20:40,3,0,안산상록수체육관,안산,1059,KB손해보험,1:32,45,201
2006,2002,2022.11.17,19:00,21:31,1,3,화성종합실내체육관,화성,1318,한국도로공사,2:20,46,201
1002,1009,2022.11.18,19:00,21:34,2,3,대전충무체육관,대전,662,우리카드,2:20,47,201
2004,2003,2022.11.18,19:00,20:42,3,0,인천삼산월드체육관,인천,4190,KGC인삼공사,1:34,48,201
1005,1006,2022.11.19,14:00,16:34,2,3,천안유관순체육관,천안,1985,한국전력,2:20,49,201
2007,2005,2022.11.19,16:00,18:03,1,3,페퍼스타디움,광주,1364,GS칼텍스,1:52,50,201
1001,1008,2022.11.20,14:00,16:38,2,3,인천계양체육관,인천,1526,OK금융그룹,2:24,51,201
2001,2006,2022.11.20,16:00,17:36,3,0,수원체육관,수원,3003,IBK기업은행,1:28,52,201
1004,1002,2022.11.22,19:00,20:46,0,3,의정부체육관,의정부,1009,삼성화재,1:38,53,201
2002,2004,2022.11.22,19:00,21:13,1,3,김천실내체육관,김천,4118,흥국생명,2:02,54,201
1006,1008,2022.11.23,19:00,21:12,1,3,수원체육관,수원,606,OK금융그룹,2:01,55,201
2005,2006,2022.11.23,19:00,21:12,1,3,서울장충체육관,서울,2830,IBK기업은행,2:01,56,201
1009,1005,2022.11.24,19:00,20:37,0,3,서울장충체육관,서울,2792,현대캐피탈,1:29,57,201
2003,2007,2022.11.24,19:00,21:06,3,1,대전충무체육관,대전,859,페퍼저축은행,1:55,58,201
1002,1001,2022.11.25,19:00,20:43,0,3,대전충무체육관,대전,712,대한항공,1:36,59,201
2004,2001,2022.11.25,19:00,20:38,0,3,인천삼산월드체육관,인천,5026,현대건설,1:30,60,201
1006,1004,2022.11.26,14:00,15:39,3,0,수원체육관,수원,1051,KB손해보험,1:31,61,201
2005,2002,2022.11.26,16:00,17:41,0,3,서울장충체육관,서울,3155,한국도로공사,1:33,62,201
1008,1005,2022.11.27,14:00,16:42,2,3,안산상록수체육관,안산,2062,현대캐피탈,2:28,63,201
2006,2007,2022.11.27,16:00,17:56,3,1,화성종합실내체육관,화성,1848,페퍼저축은행,1:45,64,201
1002,1006,2022.11.29,19:00,21:33,2,3,대전충무체육관,대전,788,한국전력,2:19,65,201
2004,2005,2022.11.29,19:00,21:11,2,3,인천삼산월드체육관,인천,3722,GS칼텍스,1:57,66,201
1001,1009,2022.11.30,19:00,20:35,3,0,인천계양체육관,인천,940,우리카드,1:27,67,201
2001,2003,2022.11.30,19:00,21:30,3,2,수원체육관,수원,1303,KGC인삼공사,2:16,68,201
1005,1004,2022.12.1,19:00,21:11,3,1,천안유관순체육관,천안,1168,KB손해보험,2:00,69,201
2007,2002,2022.12.1,19:00,21:01,1,3,페퍼스타디움,광주,1488,한국도로공사,1:50,70,201
1008,1002,2022.12.2,19:00,21:40,3,2,안산상록수체육관,안산,965,삼성화재,2:26,71,201
2006,2004,2022.12.2,19:00,21:22,1,3,화성종합실내체육관,화성,2748,흥국생명,2:11,72,201
1009,1006,2022.12.3,14:00,16:23,3,2,서울장충체육관,서울,1695,한국전력,2:09,73,201
2003,2005,2022.12.3,16:00,17:58,1,3,대전충무체육관,대전,1570,GS칼텍스,1:47,74,201
1004,1001,2022.12.4,14:00,15:39,0,3,의정부체육관,의정부,1942,대한항공,1:31,75,201
2002,2001,2022.12.4,16:00,18:32,2,3,김천실내체육관,김천,2539,현대건설,2:18,76,201
1009,1008,2022.12.6,19:00,21:16,3,1,서울장충체육관,서울,1608,OK금융그룹,2:05,77,201
2003,2006,2022.12.6,19:00,20:32,0,3,대전충무체육관,대전,1461,IBK기업은행,1:24,78,201
1005,1002,2022.12.7,19:00,20:37,3,0,천안유관순체육관,천안,1014,삼성화재,1:29,79,201
2007,2004,2022.12.7,19:00,21:03,1,3,페퍼스타디움,광주,3000,흥국생명,1:52,80,201
1006,1001,2022.12.8,19:00,20:51,0,3,수원체육관,수원,740,대한항공,1:43,81,201
2005,2001,2022.12.8,19:00,21:23,2,3,서울장충체육관,서울,2371,현대건설,2:09,82,201
1004,1009,2022.12.9,19:00,21:07,1,3,의정부체육관,의정부,876,우리카드,1:56,83,201
2002,2003,2022.12.9,19:00,21:37,3,2,김천실내체육관,김천,1220,KGC인삼공사,2:23,84,201
1002,1005,2022.12.10,14:00,15:40,0,3,대전충무체육관,대전,1343,현대캐피탈,1:32,85,201
2004,2007,2022.12.10,16:00,17:54,3,1,인천삼산월드체육관,인천,4388,페퍼저축은행,1:43,86,201
1008,1006,2022.12.11,14:00,16:04,3,1,안산상록수체육관,안산,1740,한국전력,1:53,87,201
2006,2005,2022.12.11,16:00,18:21,3,2,화성종합실내체육관,화성,2115,GS칼텍스,2:07,88,201
1002,1004,2022.12.13,19:00,21:11,1,3,대전충무체육관,대전,567,KB손해보험,1:59,89,201
2004,2002,2022.12.13,19:00,21:36,3,2,인천삼산월드체육관,인천,2942,한국도로공사,2:22,90,201
1005,1009,2022.12.14,19:00,21:05,3,1,천안유관순체육관,천안,1090,우리카드,1:53,91,201
2007,2003,2022.12.14,19:00,20:27,0,3,페퍼스타디움,광주,1168,KGC인삼공사,1:19,92,201
1001,1006,2022.12.15,19:00,21:25,3,2,인천계양체육관,인천,998,한국전력,2:11,93,201
2001,2005,2022.12.15,19:00,21:14,3,1,수원체육관,수원,1026,GS칼텍스,2:03,94,201
1004,1008,2022.12.16,19:00,21:13,1,3,의정부체육관,의정부,1096,OK금융그룹,2:02,95,201
2002,2006,2022.12.16,19:00,21:42,3,2,김천실내체육관,김천,1948,IBK기업은행,2:28,96,201
1009,1002,2022.12.17,14:00,16:05,3,1,서울장충체육관,서울,3112,삼성화재,1:54,97,201
2003,2004,2022.12.17,16:00,17:59,1,3,대전충무체육관,대전,3374,흥국생명,1:48,98,201
1005,1001,2022.12.18,14:00,16:09,1,3,천안유관순체육관,천안,2626,대한항공,1:58,99,201
2007,2001,2022.12.18,16:00,17:30,0,3,페퍼스타디움,광주,1280,현대건설,1:22,100,201
1002,1006,2022.12.20,19:00,21:07,3,1,대전충무체육관,대전,666,한국전력,1:56,101,201
2004,2005,2022.12.20,19:00,21:19,2,3,인천삼산월드체육관,인천,2822,GS칼텍스,2:05,102,201
1008,1009,2022.12.21,19:00,21:13,1,3,안산상록수체육관,안산,1608,우리카드,2:02,103,201
2006,2003,2022.12.21,19:00,21:03,1,3,화성종합실내체육관,화성,1325,KGC인삼공사,1:52,104,201
1001,1004,2022.12.22,19:00,20:29,3,0,인천계양체육관,인천,862,KB손해보험,1:21,105,201
2001,2002,2022.12.22,19:00,21:04,3,1,수원체육관,수원,1403,한국도로공사,1:53,106,201
1006,1005,2022.12.23,19:00,21:22,1,3,수원체육관,수원,1219,현대캐피탈,2:11,107,201
2007,2005,2022.12.23,19:00,20:18,0,3,페퍼스타디움,광주,786,GS칼텍스,1:10,108,201
1002,1008,2022.12.24,14:00,16:13,3,1,대전충무체육관,대전,947,OK금융그룹,2:02,109,201
2004,2006,2022.12.24,16:00,17:28,3,0,인천삼산월드체육관,인천,5800,IBK기업은행,1:20,110,201
1001,1009,2022.12.25,14:00,15:40,3,0,인천계양체육관,인천,2194,우리카드,1:32,111,201
2003,2001,2022.12.25,16:00,18:27,3,2,대전충무체육관,대전,2216,현대건설,2:13,112,201
1004,1006,2022.12.27,19:00,21:24,3,1,의정부체육관,의정부,1525,한국전력,2:13,113,201
2002,2005,2022.12.27,19:00,21:06,1,3,김천실내체육관,김천,1503,GS칼텍스,1:55,114,201
1005,1008,2022.12.28,19:00,21:25,1,3,천안유관순체육관,천안,1554,OK금융그룹,2:14,115,201
2007,2006,2022.12.28,19:00,21:08,1,3,페퍼스타디움,광주,1499,IBK기업은행,1:57,116,201
1001,1002,2022.12.29,19:00,21:28,3,2,인천계양체육관,인천,846,삼성화재,2:14,117,201
2001,2004,2022.12.29,19:00,21:11,1,3,수원체육관,수원,3798,흥국생명,2:00,118,201
1006,1009,2022.12.30,19:00,21:25,2,3,수원체육관,수원,1094,우리카드,2:11,119,201
2003,2005,2022.12.30,19:00,21:10,3,1,대전충무체육관,대전,1592,GS칼텍스,1:59,120,201
1004,1005,2022.12.31,14:00,15:36,0,3,의정부체육관,의정부,2306,현대캐피탈,1:28,121,201
2002,2007,2022.12.31,16:00,18:09,1,3,김천실내체육관,김천,1823,페퍼저축은행,1:58,122,201
1008,1001,2023.1.1,14:00,15:48,3,0,안산상록수체육관,안산,1906,대한항공,1:40,123,201
2006,2001,2023.1.1,16:00,17:39,0,3,화성종합실내체육관,화성,2461,현대건설,1:31,124,201
1009,1004,2023.1.3,19:00,20:28,3,0,서울장충체육관,서울,2487,KB손해보험,1:20,125,201
2003,2002,2023.1.3,19:00,21:29,2,3,대전충무체육관,대전,1525,한국도로공사,2:15,126,201
1001,1008,2023.1.4,19:00,20:28,3,0,인천계양체육관,인천,824,OK금융그룹,1:20,127,201
2001,2006,2023.1.4,19:00,20:21,3,0,수원체육관,수원,1618,IBK기업은행,1:13,128,201
1002,1006,2023.1.5,19:00,21:23,3,2,대전충무체육관,대전,1009,한국전력,2:09,129,201
2004,2005,2023.1.5,19:00,21:25,3,2,인천삼산월드체육관,인천,3411,GS칼텍스,2:11,130,201
1004,1009,2023.1.6,19:00,20:36,3,0,의정부체육관,의정부,834,우리카드,1:28,131,201
2002,2003,2023.1.6,19:00,21:26,3,1,김천실내체육관,김천,1397,KGC인삼공사,2:15,132,201
1001,1005,2023.1.7,14:00,16:44,3,2,인천계양체육관,인천,2194,현대캐피탈,2:30,133,201
2001,2007,2023.1.7,16:00,17:22,3,0,수원체육관,수원,1968,페퍼저축은행,1:14,134,201
1008,1002,2023.1.8,16:00,17:35,3,0,안산상록수체육관,안산,1820,삼성화재,1:27,135,201
2006,2004,2023.1.8,14:00,16:17,1,3,화성종합실내체육관,화성,3709,흥국생명,2:06,136,201
2005,2003,2023.1.9,19:00,21:36,3,2,서울장충체육관,서울,2428,KGC인삼공사,2:22,137,201
1009,1006,2023.1.10,19:00,21:39,2,3,서울장충체육관,서울,2068,한국전력,2:25,138,201
1002,1001,2023.1.11,19:00,21:14,1,3,대전충무체육관,대전,991,대한항공,2:03,139,201
2004,2001,2023.1.11,19:00,21:39,2,3,인천삼산월드체육관,인천,4509,현대건설,2:25,140,201
1005,1004,2023.1.12,19:00,21:05,3,1,천안유관순체육관,천안,1298,KB손해보험,1:54,141,201
2007,2002,2023.1.12,19:00,20:40,0,3,페퍼스타디움,광주,1185,한국도로공사,1:32,142,201
1006,1008,2023.1.13,19:00,20:35,3,0,수원체육관,수원,782,OK금융그룹,1:27,143,201
2005,2006,2023.1.13,19:00,20:29,3,0,서울장충체육관,서울,2833,IBK기업은행,1:21,144,201
1009,1001,2023.1.14,14:00,16:42,3,2,서울장충체육관,서울,3217,대한항공,2:28,145,201
2001,2003,2023.1.14,16:00,18:08,3,1,수원체육관,수원,3179,KGC인삼공사,1:57,146,201
1005,1002,2023.1.15,14:00,16:07,3,1,천안유관순체육관,천안,2388,삼성화재,1:56,147,201
2007,2004,2023.1.15,16:00,18:19,1,3,페퍼스타디움,광주,3000,흥국생명,2:08,148,201
1008,1004,2023.1.17,19:00,21:06,3,1,안산상록수체육관,안산,958,KB손해보험,1:55,149,201
2006,2002,2023.1.17,19:00,20:28,3,0,화성종합실내체육관,화성,1434,한국도로공사,1:20,150,201
1009,1005,2023.1.19,19:00,21:04,3,1,서울장충체육관,서울,3273,현대캐피탈,1:53,151,201
2003,2007,2023.1.19,19:00,21:00,3,1,대전충무체육관,대전,1099,페퍼저축은행,1:49,152,201
1006,1001,2023.1.20,19:00,21:29,2,3,수원체육관,수원,1028,대한항공,2:15,153,201
2005,2001,2023.1.20,19:00,21:23,3,2,서울장충체육관,서울,2859,현대건설,2:09,154,201
1004,1002,2023.1.21,14:00,16:13,3,1,의정부체육관,의정부,1513,삼성화재,2:02,155,201
2002,2004,2023.1.21,16:00,17:35,0,3,김천실내체육관,김천,4375,흥국생명,1:27,156,201
1009,1008,2023.1.22,14:00,16:35,3,2,서울장충체육관,서울,2342,OK금융그룹,2:21,157,201
2003,2006,2023.1.22,16:00,17:37,3,0,대전충무체육관,대전,2110,IBK기업은행,1:29,158,201
1005,1006,2023.1.23,14:00,16:12,1,3,천안유관순체육관,천안,2327,한국전력,2:01,159,201
2007,2005,2023.1.23,16:00,18:08,3,1,페퍼스타디움,광주,1799,GS칼텍스,1:57,160,201
1004,1001,2023.1.24,14:00,15:36,3,0,의정부체육관,의정부,2147,대한항공,1:28,161,201
2002,2001,2023.1.24,16:00,18:06,3,1,김천실내체육관,김천,2468,현대건설,1:55,162,201
1002,1009,2023.1.25,19:00,21:18,3,2,대전충무체육관,대전,1415,우리카드,2:04,163,201
2004,2003,2023.1.25,19:00,21:06,1,3,인천삼산월드체육관,인천,3898,KGC인삼공사,1:55,164,201
1008,1005,2023.1.26,19:00,20:35,0,3,안산상록수체육관,안산,1419,현대캐피탈,1:27,165,201
2006,2007,2023.1.26,19:00,20:29,3,0,화성종합실내체육관,화성,1013,페퍼저축은행,1:21,166,201
1006,1004,2023.1.27,19:00,21:27,3,2,수원체육관,수원,755,KB손해보험,2:13,167,201
2005,2002,2023.1.27,19:00,21:34,1,3,서울장충체육관,서울,2669,한국도로공사,2:23,168,201
1009,1004,2023.1.31,19:00,21:39,2,3,서울장충체육관,서울,2557,KB손해보험,2:25,169,201
2003,2002,2023.1.31,19:00,20:33,0,3,대전충무체육관,대전,1531,한국도로공사,1:25,170,201
1005,1008,2023.2.1,19:00,21:11,3,1,천안유관순체육관,천안,1316,OK금융그룹,2:00,171,201
2007,2006,2023.2.1,19:00,21:17,1,3,페퍼스타디움,광주,2225,IBK기업은행,2:06,172,201
1001,1006,2023.2.2,19:00,20:59,1,3,인천계양체육관,인천,1238,한국전력,1:48,173,201
2001,2005,2023.2.2,19:00,20:34,3,0,수원체육관,수원,1655,GS칼텍스,1:26,174,201
1009,1002,2023.2.3,19:00,20:39,0,3,서울장충체육관,서울,2723,삼성화재,1:31,175,201
2003,2004,2023.2.3,19:00,20:45,0,3,대전충무체육관,대전,3348,흥국생명,1:37,176,201
1004,1008,2023.2.4,14:00,15:38,3,0,의정부체육관,의정부,2023,OK금융그룹,1:30,177,201
2002,2006,2023.2.4,16:00,18:20,3,1,김천실내체육관,김천,3299,IBK기업은행,2:09,178,201
1006,1005,2023.2.5,14:00,16:16,3,1,수원체육관,수원,2374,현대캐피탈,2:05,179,201
2005,2007,2023.2.5,16:00,17:21,3,0,서울장충체육관,서울,2335,페퍼저축은행,1:13,180,201
1001,1002,2023.2.7,19:00,21:32,2,3,인천계양체육관,인천,981,삼성화재,2:18,181,201
2001,2004,2023.2.7,19:00,20:37,0,3,수원체육관,수원,3791,흥국생명,1:29,182,201
1008,1009,2023.2.8,19:00,21:40,3,2,안산상록수체육관,안산,1385,우리카드,2:26,183,201
2006,2003,2023.2.8,19:00,20:28,0,3,화성종합실내체육관,화성,1469,KGC인삼공사,1:20,184,201
1004,1006,2023.2.9,19:00,21:37,3,2,의정부체육관,의정부,1850,한국전력,2:23,185,201
2002,2005,2023.2.9,19:00,21:17,1,3,김천실내체육관,김천,1543,GS칼텍스,2:06,186,201
1005,1001,2023.2.10,19:00,21:35,3,1,천안유관순체육관,천안,2253,대한항공,2:24,187,201
2007,2001,2023.2.10,19:00,21:24,3,2,페퍼스타디움,광주,1930,현대건설,2:10,188,201
1002,1008,2023.2.11,14:00,15:33,3,0,대전충무체육관,대전,1465,OK금융그룹,1:25,189,201
2004,2006,2023.2.11,14:17,16:22,1,3,인천삼산월드체육관,인천,5800,IBK기업은행,1:54,190,201
1006,1009,2023.2.12,14:00,16:29,3,2,수원체육관,수원,1858,우리카드,2:15,191,201
2005,2003,2023.2.12,16:00,18:03,1,3,서울장충체육관,서울,3297,KGC인삼공사,1:52,192,201
1001,1004,2023.2.14,19:00,21:14,3,1,인천계양체육관,인천,985,KB손해보험,2:03,193,201
2001,2002,2023.2.14,19:00,21:21,1,3,수원체육관,수원,1874,한국도로공사,2:10,194,201
1002,1005,2023.2.15,19:00,21:14,1,3,대전충무체육관,대전,1192,현대캐피탈,2:03,195,201
2004,2007,2023.2.15,19:00,20:28,3,0,인천삼산월드체육관,인천,3150,페퍼저축은행,1:20,196,201
1008,1006,2023.2.16,19:00,21:33,3,2,안산상록수체육관,안산,1606,한국전력,2:19,197,201
2006,2005,2023.2.16,19:00,20:54,3,1,화성종합실내체육관,화성,1279,GS칼텍스,1:43,198,201
1009,1001,2023.2.17,19:00,20:43,3,0,서울장충체육관,서울,2812,대한항공,1:35,199,201
2003,2001,2023.2.17,19:00,21:35,3,2,대전충무체육관,대전,2080,현대건설,2:21,200,201
1004,1005,2023.2.18,14:00,16:17,1,3,의정부체육관,의정부,2748,현대캐피탈,2:06,201,201
2002,2007,2023.2.18,16:00,18:18,2,3,김천실내체육관,김천,2488,페퍼저축은행,2:04,202,201
1006,1002,2023.2.19,14:00,16:29,3,2,수원체육관,수원,1654,삼성화재,2:15,203,201
2005,2004,2023.2.19,16:00,18:07,1,3,서울장충체육관,서울,3312,흥국생명,1:56,204,201
1005,1009,2023.2.21,19:00,20:37,3,0,천안유관순체육관,천안,1856,우리카드,1:29,205,201
2007,2003,2023.2.21,19:00,21:00,1,3,페퍼스타디움,광주,1665,KGC인삼공사,1:49,206,201
1008,1001,2023.2.22,19:00,20:34,0,3,안산상록수체육관,안산,1420,대한항공,1:26,207,201
2006,2001,2023.2.22,19:00,20:40,3,0,화성종합실내체육관,화성,1528,현대건설,1:32,208,201
1002,1004,2023.2.23,19:00,21:11,1,3,대전충무체육관,대전,1633,KB손해보험,2:00,209,201
2004,2002,2023.2.23,19:00,20:41,3,0,인천삼산월드체육관,인천,5012,한국도로공사,1:33,210,201
1009,1005,2023.2.24,19:00,20:47,0,3,서울장충체육관,서울,3155,현대캐피탈,1:39,211,201
2003,2007,2023.2.24,19:00,20:55,3,1,대전충무체육관,대전,1687,페퍼저축은행,1:44,212,201
1001,1008,2023.2.25,14:00,15:32,3,0,인천계양체육관,인천,1685,OK금융그룹,1:24,213,201
2001,2006,2023.2.25,16:00,18:45,3,2,수원체육관,수원,3399,IBK기업은행,2:31,214,201
1006,1002,2023.2.26,14:00,15:31,3,0,수원체육관,수원,1497,삼성화재,1:23,215,201
2005,2004,2023.2.26,16:00,18:42,3,2,서울장충체육관,서울,3331,흥국생명,2:28,216,201
1004,1009,2023.2.28,19:00,21:07,1,3,의정부체육관,의정부,1859,우리카드,1:56,217,201
2002,2003,2023.2.28,19:00,21:45,2,3,김천실내체육관,김천,2012,KGC인삼공사,2:31,218,201
1006,1001,2023.3.1,14:00,16:02,1,3,수원체육관,수원,2066,대한항공,1:51,219,201
2005,2001,2023.3.1,16:00,17:39,0,3,서울장충체육관,서울,3301,현대건설,1:31,220,201
1005,1002,2023.3.2,19:00,21:48,3,2,천안유관순체육관,천안,1260,삼성화재,2:34,221,201
2007,2004,2023.3.2,19:00,20:55,1,3,페퍼스타디움,광주,3235,흥국생명,1:44,222,201
1008,1004,2023.3.3,19:00,21:35,2,3,안산상록수체육관,안산,1123,KB손해보험,2:21,223,201
2006,2002,2023.3.3,19:00,21:15,3,1,화성종합실내체육관,화성,1279,한국도로공사,2:04,224,201
1009,1006,2023.3.4,14:00,15:40,3,0,서울장충체육관,서울,2972,한국전력,1:32,225,201
2003,2005,2023.3.4,16:00,17:29,0,3,대전충무체육관,대전,3082,GS칼텍스,1:21,226,201
1001,1005,2023.3.5,14:00,15:37,3,0,인천계양체육관,인천,2142,현대캐피탈,1:29,227,201
2001,2007,2023.3.5,16:00,18:17,3,2,수원체육관,수원,2237,페퍼저축은행,2:03,228,201
1004,1002,2023.3.7,19:00,20:35,0,3,의정부체육관,의정부,922,삼성화재,1:27,229,201
2002,2004,2023.3.7,19:00,21:13,3,1,김천실내체육관,김천,3329,흥국생명,2:02,230,201
1009,1008,2023.3.8,19:00,20:40,3,0,서울장충체육관,서울,2541,OK금융그룹,1:32,231,201
2003,2006,2023.3.8,19:00,21:28,3,2,대전충무체육관,대전,1593,IBK기업은행,2:14,232,201
1005,1006,2023.3.9,19:00,20:43,0,3,천안유관순체육관,천안,1274,한국전력,1:35,233,201
2005,2007,2023.3.9,19:00,20:28,3,0,서울장충체육관,서울,1504,페퍼저축은행,1:20,234,201
1004,1001,2023.3.10,19:00,20:33,0,3,의정부체육관,의정부,1438,대한항공,1:25,235,201
2002,2001,2023.3.10,19:00,21:33,3,2,김천실내체육관,김천,1766,현대건설,2:19,236,201
1002,1009,2023.3.11,14:00,16:28,2,3,대전충무체육관,대전,1199,우리카드,2:14,237,201
2004,2003,2023.3.11,14:00,15:39,3,0,인천삼산월드체육관,인천,6018,KGC인삼공사,1:31,238,201
1006,1008,2023.3.12,14:00,16:05,3,1,수원체육관,수원,1391,OK금융그룹,1:54,239,201
2005,2006,2023.3.12,16:00,18:26,2,3,서울장충체육관,서울,3143,IBK기업은행,2:12,240,201
1005,1004,2023.3.14,19:00,21:33,2,3,천안유관순체육관,천안,952,KB손해보험,2:19,241,201
2007,2002,2023.3.14,19:00,20:21,0,3,페퍼스타디움,광주,1556,한국도로공사,1:13,242,201
1008,1002,2023.3.15,19:00,20:32,3,0,안산상록수체육관,안산,612,삼성화재,1:24,243,201
2006,2004,2023.3.15,19:00,20:27,0,3,화성종합실내체육관,화성,2765,흥국생명,1:19,244,201
1001,1009,2023.3.16,19:00,21:29,3,2,인천계양체육관,인천,1118,우리카드,2:15,245,201
2001,2003,2023.3.16,19:00,20:54,1,3,수원체육관,수원,1855,KGC인삼공사,1:43,246,201
1006,1004,2023.3.17,19:00,21:07,1,3,수원체육관,수원,1067,KB손해보험,1:56,247,201
2005,2002,2023.3.17,19:00,20:31,0,3,서울장충체육관,서울,2628,한국도로공사,1:23,248,201
1008,1005,2023.3.18,14:00,15:39,3,0,안산상록수체육관,안산,2019,현대캐피탈,1:31,249,201
2006,2007,2023.3.18,16:00,18:11,2,3,화성종합실내체육관,화성,2322,페퍼저축은행,1:57,250,201
1002,1001,2023.3.19,14:00,15:38,3,0,대전충무체육관,대전,1589,대한항공,1:30,251,201
2004,2001,2023.3.19,16:00,18:09,3,1,인천삼산월드체육관,인천,6110,현대건설,1:58,252,201
1009,1006,2023.3.22,19:00,21:10,1,3,서울장충체육관,서울,2977,한국전력,1:59,254,204
2001,2002,2023.3.23,19:00,21:06,1,3,수원체육관,수원,2218,한국도로공사,1:55,255,202
1005,1006,2023.3.24,19:00,21:52,3,2,천안유관순체육관,천안,2243,한국전력,2:38,256,202
2002,2001,2023.3.25,14:00,15:41,3,0,김천실내체육관,김천,3663,현대건설,1:33,257,202
1006,1005,2023.3.26,14:00,16:47,3,2,수원체육관,수원,3504,현대캐피탈,2:33,258,202
1005,1006,2023.3.28,19:00,21:13,3,1,천안유관순체육관,천안,2679,한국전력,2:02,260,202
2004,2002,2023.3.29,19:00,21:12,3,1,인천삼산월드체육관,인천,5464,한국도로공사,2:01,261,203
1001,1005,2023.3.30,19:00,21:25,3,1,인천계양체육관,인천,2041,현대캐피탈,2:14,262,203
2004,2002,2023.3.31,19:00,20:31,3,0,인천삼산월드체육관,인천,6108,한국도로공사,1:23,263,203
1001,1005,2023.4.1,19:00,20:46,3,0,인천계양체육관,인천,2142,현대캐피탈,1:38,264,203
2002,2004,2023.4.2,19:00,21:24,3,1,김천실내체육관,김천,4375,흥국생명,2:13,265,203
1005,1001,2023.4.3,19:00,21:30,2,3,천안유관순체육관,천안,3311,대한항공,2:16,266,203
2002,2004,2023.4.4,19:00,21:23,3,1,김천실내체육관,김천,4375,흥국생명,2:12,267,203
2004,2002,2023.4.6,19:00,21:52,2,3,인천삼산월드체육관,인천,6125,한국도로공사,2:38,269,203
1001,1005,2023.10.14,14:00,15:46,3,0,인천계양체육관,인천,2186,현대캐피탈,1:38,1,201
2002,2004,2023.10.14,16:02,17:36,0,3,김천실내체육관,김천,3491,흥국생명,1:26,2,201
1009,1002,2023.10.15,14:00,16:02,3,1,서울장충체육관,서울,3073,삼성화재,1:51,3,201
2001,2007,2023.10.15,16:00,17:46,3,1,수원체육관,수원,1993,페퍼저축은행,1:35,4,201
1006,1004,2023.10.17,19:00,21:35,2,3,수원체육관,수원,1114,KB손해보험,2:21,5,201
2003,2006,2023.10.17,19:00,20:24,3,0,대전충무체육관,대전,1667,IBK기업은행,1:16,6,201
1009,1005,2023.10.18,19:00,20:38,3,0,서울장충체육관,서울,2847,현대캐피탈,1:30,7,201
2001,2004,2023.10.18,19:00,21:25,2,3,수원체육관,수원,1592,흥국생명,2:11,8,201
1002,1001,2023.10.19,19:00,21:30,3,2,대전충무체육관,대전,1325,대한항공,2:16,9,201
2007,2002,2023.10.19,19:00,21:24,3,2,페퍼스타디움,광주,1875,한국도로공사,2:10,10,201
1008,1006,2023.10.20,19:00,20:53,3,1,안산상록수체육관,안산,2440,한국전력,1:42,11,201
2005,2003,2023.10.20,19:00,20:30,3,0,서울장충체육관,서울,1968,정관장,1:22,12,201
1004,1009,2023.10.21,14:00,15:45,0,3,의정부체육관,의정부,2012,우리카드,1:37,13,201
2006,2001,2023.10.21,16:00,18:15,1,3,화성종합실내체육관,화성,2252,현대건설,2:04,14,201
1005,1002,2023.10.22,14:00,15:34,0,3,천안유관순체육관,천안,2737,삼성화재,1:26,15,201
2004,2007,2023.10.22,16:00,17:45,3,0,인천삼산월드체육관,인천,5152,페퍼저축은행,1:37,16,201
1004,1008,2023.10.24,19:00,21:29,2,3,의정부체육관,의정부,775,OK금융그룹,2:15,17,201
2006,2005,2023.10.24,19:00,21:00,1,3,화성종합실내체육관,화성,882,GS칼텍스,1:49,18,201
1009,1001,2023.10.25,19:00,21:59,3,2,서울장충체육관,서울,2903,대한항공,2:45,19,201
2001,2002,2023.10.25,19:00,21:12,3,1,수원체육관,수원,929,한국도로공사,2:01,20,201
1006,1005,2023.10.26,19:00,21:46,3,2,수원체육관,수원,719,현대캐피탈,2:32,21,201
2004,2003,2023.10.26,19:00,21:30,2,3,인천삼산월드체육관,인천,2334,정관장,2:16,22,201
1002,1008,2023.10.27,19:00,20:30,3,0,대전충무체육관,대전,1065,OK금융그룹,1:22,23,201
2007,2005,2023.10.27,19:00,21:24,2,3,페퍼스타디움,광주,1870,GS칼텍스,2:10,24,201
1001,1004,2023.10.28,14:00,16:34,3,2,인천계양체육관,인천,1483,KB손해보험,2:20,25,201
2002,2006,2023.10.28,16:00,18:41,2,3,김천실내체육관,김천,1930,IBK기업은행,2:27,26,201
1006,1009,2023.10.29,14:00,15:35,0,3,수원체육관,수원,1594,우리카드,1:27,27,201
2003,2001,2023.10.29,16:00,17:37,3,0,대전충무체육관,대전,2467,현대건설,1:29,28,201
1008,1005,2023.10.31,19:00,21:48,3,2,안산상록수체육관,안산,1005,현대캐피탈,2:34,29,201
2005,2004,2023.10.31,19:00,20:38,0,3,서울장충체육관,서울,3438,흥국생명,1:30,30,201
1004,1002,2023.11.1,19:00,20:38,0,3,의정부체육관,의정부,1097,삼성화재,1:30,31,201
2006,2007,2023.11.1,19:00,21:13,3,1,화성종합실내체육관,화성,1023,페퍼저축은행,2:02,32,201
1006,1001,2023.11.2,19:00,20:35,0,3,수원체육관,수원,719,대한항공,1:27,33,201
2003,2002,2023.11.2,19:00,20:37,0,3,대전충무체육관,대전,1241,한국도로공사,1:29,34,201
1008,1009,2023.11.3,19:00,20:47,3,0,안산상록수체육관,안산,1490,우리카드,1:39,35,201
2005,2001,2023.11.3,19:00,20:27,3,0,서울장충체육관,서울,1855,현대건설,1:19,36,201
1005,1004,2023.11.4,14:00,15:57,3,0,천안유관순체육관,천안,1968,KB손해보험,1:49,37,201
2004,2006,2023.11.4,16:00,18:13,3,1,인천삼산월드체육관,인천,4778,IBK기업은행,2:02,38,201
1002,1006,2023.11.5,14:00,15:37,3,0,대전충무체육관,대전,1871,한국전력,1:29,39,201
2007,2003,2023.11.5,16:00,17:32,0,3,페퍼스타디움,광주,3080,정관장,1:24,40,201
1001,1008,2023.11.7,19:00,20:31,3,0,인천계양체육관,인천,908,OK금융그룹,1:23,41,201
2005,2002,2023.11.7,19:00,21:25,3,2,서울장충체육관,서울,1205,한국도로공사,2:11,42,201
1004,1005,2023.11.8,19:00,21:31,2,3,의정부체육관,의정부,1039,현대캐피탈,2:17,43,201
2006,2004,2023.11.8,19:00,21:10,1,3,화성종합실내체육관,화성,2273,흥국생명,1:59,44,201
1009,1006,2023.11.9,19:00,21:15,3,1,서울장충체육관,서울,2723,한국전력,2:04,45,201
2001,2003,2023.11.9,19:00,21:13,3,1,수원체육관,수원,1191,정관장,2:02,46,201
1008,1002,2023.11.10,19:00,21:17,3,1,안산상록수체육관,안산,1204,삼성화재,2:06,47,201
2005,2007,2023.11.10,19:00,21:26,2,3,서울장충체육관,서울,1788,페퍼저축은행,2:12,48,201
1004,1001,2023.11.11,14:00,16:03,1,3,의정부체육관,의정부,1724,대한항공,1:52,49,201
2006,2002,2023.11.11,16:00,17:32,3,0,화성종합실내체육관,화성,2213,한국도로공사,1:24,50,201
1005,1009,2023.11.12,14:00,16:21,1,3,천안유관순체육관,천안,2186,우리카드,2:10,51,201
2004,2001,2023.11.12,14:25,17:08,3,2,인천삼산월드체육관,인천,4591,현대건설,2:29,52,201
1006,1008,2023.11.14,19:00,20:36,3,0,수원체육관,수원,673,OK금융그룹,1:28,53,201
2005,2003,2023.11.14,19:00,20:28,3,0,서울장충체육관,서울,1874,정관장,1:20,54,201
1001,1002,2023.11.15,19:00,20:31,3,0,인천계양체육관,인천,906,삼성화재,1:23,55,201
2002,2007,2023.11.15,19:00,21:05,3,1,김천실내체육관,김천,1361,페퍼저축은행,1:54,56,201
1009,1004,2023.11.16,19:00,21:43,3,2,서울장충체육관,서울,2411,KB손해보험,2:29,57,201
2001,2006,2023.11.16,19:00,20:32,3,0,수원체육관,수원,1150,IBK기업은행,1:24,58,201
1005,1008,2023.11.17,19:00,21:26,2,3,천안유관순체육관,천안,1465,OK금융그룹,2:12,59,201
2004,2005,2023.11.17,19:00,20:38,3,0,인천삼산월드체육관,인천,3224,GS칼텍스,1:30,60,201
1001,1006,2023.11.18,14:00,16:08,1,3,인천계양체육관,인천,1854,한국전력,1:57,61,201
2002,2003,2023.11.18,16:00,18:33,3,2,김천실내체육관,김천,2758,정관장,2:19,62,201
1002,1004,2023.11.19,14:00,16:31,3,2,대전충무체육관,대전,1484,KB손해보험,2:17,63,201
2007,2006,2023.11.19,16:00,17:58,1,3,페퍼스타디움,광주,2355,IBK기업은행,1:47,64,201
1006,1005,2023.11.21,19:00,21:14,3,1,수원체육관,수원,911,현대캐피탈,2:03,65,201
2003,2004,2023.11.21,19:00,21:32,2,3,대전충무체육관,대전,3367,흥국생명,2:18,66,201
1008,1001,2023.11.22,19:00,20:34,0,3,안산상록수체육관,안산,1388,대한항공,1:26,67,201
2005,2002,2023.11.22,19:00,21:26,3,2,서울장충체육관,서울,1907,한국도로공사,2:12,68,201
1002,1009,2023.11.23,19:00,20:47,3,0,대전충무체육관,대전,2342,우리카드,1:39,69,201
2007,2001,2023.11.23,19:00,20:37,0,3,페퍼스타디움,광주,1602,현대건설,1:29,70,201
1004,1006,2023.11.24,19:00,20:41,0,3,의정부체육관,의정부,1504,한국전력,1:33,71,201
2006,2003,2023.11.24,19:00,21:14,3,1,화성종합실내체육관,화성,1733,정관장,2:03,72,201
1005,1001,2023.11.25,14:00,15:33,0,3,천안유관순체육관,천안,2782,대한항공,1:25,73,201
2004,2002,2023.11.25,16:00,17:36,3,0,인천삼산월드체육관,인천,4552,한국도로공사,1:28,74,201
1009,1008,2023.11.26,14:00,15:38,0,3,서울장충체육관,서울,3091,OK금융그룹,1:30,75,201
2001,2005,2023.11.26,16:00,18:01,3,1,수원체육관,수원,2337,GS칼텍스,1:50,76,201
1006,1002,2023.11.28,19:00,20:59,3,1,수원체육관,수원,713,삼성화재,1:48,77,201
2003,2007,2023.11.28,19:00,21:00,3,1,대전충무체육관,대전,1850,페퍼저축은행,1:49,78,201
1008,1004,2023.11.29,19:00,20:58,3,1,안산상록수체육관,안산,939,KB손해보험,1:47,79,201
2005,2006,2023.11.29,19:00,21:03,3,1,서울장충체육관,서울,2200,IBK기업은행,1:52,80,201
1001,1009,2023.11.30,19:00,20:42,0,3,인천계양체육관,인천,1358,우리카드,1:34,81,201
2002,2001,2023.11.30,19:00,21:12,1,3,김천실내체육관,김천,1856,현대건설,2:01,82,201
1002,1005,2023.12.1,19:00,21:39,3,2,대전충무체육관,대전,1605,현대캐피탈,2:25,83,201
2007,2004,2023.12.1,19:00,21:23,2,3,페퍼스타디움,광주,3126,흥국생명,2:09,84,201
1006,1004,2023.12.2,14:00,15:33,3,0,수원체육관,수원,1399,KB손해보험,1:25,85,201
2003,2006,2023.12.2,16:00,18:25,2,3,대전충무체육관,대전,2956,IBK기업은행,2:11,86,201
1008,1009,2023.12.3,14:00,16:37,2,3,안산상록수체육관,안산,1909,우리카드,2:23,87,201
2005,2001,2023.12.3,16:00,17:31,0,3,서울장충체육관,서울,3227,현대건설,1:23,88,201
1005,1002,2023.12.5,19:00,21:41,2,3,천안유관순체육관,천안,1236,삼성화재,2:27,89,201
2004,2007,2023.12.5,19:00,20:30,3,0,인천삼산월드체육관,인천,2483,페퍼저축은행,1:22,90,201
1004,1008,2023.12.6,19:00,20:31,3,0,의정부체육관,의정부,1066,OK금융그룹,1:23,91,201
2006,2005,2023.12.6,19:00,21:20,3,1,화성종합실내체육관,화성,1191,GS칼텍스,2:09,92,201
1009,1001,2023.12.7,19:00,21:19,3,1,서울장충체육관,서울,2977,대한항공,2:08,93,201
2001,2002,2023.12.7,19:00,20:56,3,1,수원체육관,수원,1259,한국도로공사,1:45,94,201
1002,1006,2023.12.8,19:00,20:36,0,3,대전충무체육관,대전,1476,한국전력,1:28,95,201
2007,2003,2023.12.8,19:00,21:04,1,3,페퍼스타디움,광주,1427,정관장,1:53,96,201
1008,1005,2023.12.9,14:00,15:29,0,3,안산상록수체육관,안산,2007,현대캐피탈,1:21,97,201
2004,2005,2023.12.9,16:00,17:59,1,3,인천삼산월드체육관,인천,4796,GS칼텍스,1:48,98,201
1001,1004,2023.12.10,14:00,16:24,1,3,인천계양체육관,인천,1677,KB손해보험,2:13,99,201
2002,2006,2023.12.10,16:00,17:33,0,3,김천실내체육관,김천,2356,IBK기업은행,1:25,100,201
1009,1002,2023.12.12,19:00,21:39,2,3,서울장충체육관,서울,2101,삼성화재,2:25,101,201
2001,2007,2023.12.12,19:00,20:34,3,0,수원체육관,수원,1211,페퍼저축은행,1:26,102,201
1006,1001,2023.12.13,19:00,21:02,1,3,수원체육관,수원,1155,대한항공,1:51,103,201
2003,2002,2023.12.13,19:00,20:38,3,0,대전충무체육관,대전,1783,한국도로공사,1:30,104,201
1005,1004,2023.12.14,19:00,21:44,3,2,천안유관순체육관,천안,1443,KB손해보험,2:30,105,201
2004,2006,2023.12.14,19:00,21:42,3,2,인천삼산월드체육관,인천,3076,IBK기업은행,2:28,106,201
1002,1008,2023.12.15,19:00,20:37,3,0,대전충무체육관,대전,1594,OK금융그룹,1:29,107,201
2007,2005,2023.12.15,19:00,20:25,0,3,페퍼스타디움,광주,1475,GS칼텍스,1:17,108,201
1006,1009,2023.12.16,14:00,16:13,1,3,수원체육관,수원,1910,우리카드,2:02,109,201
2003,2001,2023.12.16,16:00,18:34,2,3,대전충무체육관,대전,2904,현대건설,2:20,110,201
1001,1005,2023.12.17,14:00,15:34,3,0,인천계양체육관,인천,2252,현대캐피탈,1:26,111,201
2002,2004,2023.12.17,16:00,18:32,3,2,김천실내체육관,김천,4375,흥국생명,2:18,112,201
1004,1002,2023.12.19,19:00,20:35,0,3,의정부체육관,의정부,1029,삼성화재,1:27,113,201
2006,2007,2023.12.19,19:00,20:28,3,0,화성종합실내체육관,화성,1211,페퍼저축은행,1:20,114,201
1009,1005,2023.12.20,19:00,21:35,3,2,서울장충체육관,서울,3021,현대캐피탈,2:21,115,201
2004,2001,2023.12.20,19:00,21:11,1,3,인천삼산월드체육관,인천,3472,현대건설,2:00,116,201
1008,1006,2023.12.21,19:00,20:27,0,3,안산상록수체육관,안산,1348,한국전력,1:19,117,201
2003,2005,2023.12.21,19:00,21:02,1,3,대전충무체육관,대전,1865,GS칼텍스,1:51,118,201
1002,1001,2023.12.22,19:00,21:14,3,1,대전충무체육관,대전,2449,대한항공,2:03,119,201
2007,2002,2023.12.22,19:00,21:28,2,3,페퍼스타디움,광주,1116,한국도로공사,2:14,120,201
1004,1009,2023.12.23,14:00,15:36,0,3,의정부체육관,의정부,2538,우리카드,1:28,121,201
2006,2001,2023.12.23,16:00,18:26,3,2,화성종합실내체육관,화성,3401,현대건설,2:12,122,201
1005,1006,2023.12.24,14:00,15:34,3,0,천안유관순체육관,천안,3267,한국전력,1:26,123,201
2004,2003,2023.12.24,16:00,17:59,3,1,인천삼산월드체육관,인천,6150,정관장,1:48,124,201
1001,1008,2023.12.25,14:00,15:38,3,0,인천계양체육관,인천,2222,OK금융그룹,1:30,125,201
2002,2005,2023.12.25,16:00,17:24,0,3,김천실내체육관,김천,2739,GS칼텍스,1:16,126,201
1009,1004,2023.12.27,19:00,20:35,3,0,서울장충체육관,서울,2459,KB손해보험,1:27,127,201
2006,2001,2023.12.27,19:00,21:07,1,3,화성종합실내체육관,화성,1740,현대건설,1:56,128,201
1005,1006,2023.12.28,19:00,20:33,3,0,천안유관순체육관,천안,1678,한국전력,1:25,129,201
2003,2004,2023.12.28,19:00,20:31,0,3,대전충무체육관,대전,3181,흥국생명,1:23,130,201
1008,1001,2023.12.29,19:00,20:33,3,0,안산상록수체육관,안산,1877,대한항공,1:25,131,201
2002,2005,2023.12.29,19:00,21:05,3,1,김천실내체육관,김천,1417,GS칼텍스,1:54,132,201
1002,1004,2023.12.30,14:00,15:34,3,0,대전충무체육관,대전,2116,KB손해보험,1:26,133,201
2007,2006,2023.12.30,16:00,17:30,0,3,페퍼스타디움,광주,2648,IBK기업은행,1:22,134,201
1005,1009,2023.12.31,14:00,16:16,3,1,천안유관순체육관,천안,3048,우리카드,2:05,135,201
2004,2001,2023.12.31,16:00,17:35,0,3,인천삼산월드체육관,인천,6170,현대건설,1:27,136,201
1001,1006,2024.1.1,14:00,16:43,2,3,인천계양체육관,인천,2274,한국전력,2:29,137,201
2002,2003,2024.1.1,16:00,18:11,1,3,김천실내체육관,김천,2717,정관장,2:00,138,201
1008,1002,2024.1.2,19:00,21:37,3,2,안산상록수체육관,안산,1320,삼성화재,2:23,139,201
2005,2007,2024.1.2,19:00,20:19,3,0,서울장충체육관,서울,1722,페퍼저축은행,1:11,140,201
1004,1005,2024.1.4,19:00,20:45,0,3,의정부체육관,의정부,1392,현대캐피탈,1:37,141,201
2006,2004,2024.1.4,19:00,21:19,2,3,화성종합실내체육관,화성,2582,흥국생명,2:05,142,201
1001,1009,2024.1.5,19:00,20:32,3,0,인천계양체육관,인천,1521,우리카드,1:24,143,201
2002,2001,2024.1.5,19:00,20:20,0,3,김천실내체육관,김천,1487,현대건설,1:12,144,201
1006,1008,2024.1.6,14:00,16:00,1,3,수원체육관,수원,2084,OK금융그룹,1:49,145,201
2003,2005,2024.1.6,16:00,17:39,3,0,대전충무체육관,대전,2931,GS칼텍스,1:31,146,201
1002,1005,2024.1.7,16:00,18:13,1,3,대전충무체육관,대전,3284,현대캐피탈,2:02,147,201
2007,2004,2024.1.7,16:00,18:16,1,3,페퍼스타디움,광주,4000,흥국생명,2:05,148,201
1004,1001,2024.1.9,19:00,21:03,3,1,의정부체육관,의정부,926,대한항공,1:52,149,201
2006,2002,2024.1.9,19:00,20:53,1,3,화성종합실내체육관,화성,1334,한국도로공사,1:42,150,201
1009,1008,2024.1.10,19:00,21:09,1,3,서울장충체육관,서울,3213,OK금융그룹,1:58,151,201
2001,2005,2024.1.10,19:00,21:36,3,2,수원체육관,수원,1730,GS칼텍스,2:22,152,201
1006,1002,2024.1.11,19:00,20:26,3,0,수원체육관,수원,1195,삼성화재,1:18,153,201
2003,2007,2024.1.11,19:00,20:58,3,1,대전충무체육관,대전,1621,페퍼저축은행,1:47,154,201
1005,1001,2024.1.12,19:00,22:05,2,3,천안유관순체육관,천안,2663,대한항공,2:51,155,201
2004,2002,2024.1.12,19:00,21:04,3,1,인천삼산월드체육관,인천,4180,한국도로공사,1:53,156,201
1008,1004,2024.1.13,14:00,15:24,3,0,안산상록수체육관,안산,2180,KB손해보험,1:16,157,201
2005,2006,2024.1.13,16:00,18:26,3,2,서울장충체육관,서울,3468,IBK기업은행,2:12,158,201
1009,1006,2024.1.14,14:00,16:21,2,3,서울장충체육관,서울,3437,한국전력,2:07,159,201
2001,2003,2024.1.14,16:00,17:37,3,0,수원체육관,수원,3831,정관장,1:29,160,201
1001,1002,2024.1.16,19:00,20:42,3,0,인천계양체육관,인천,1374,삼성화재,1:34,161,201
2002,2007,2024.1.16,19:00,20:28,3,0,김천실내체육관,김천,1225,페퍼저축은행,1:20,162,201
1005,1008,2024.1.17,19:00,21:19,1,3,천안유관순체육관,천안,1931,OK금융그룹,2:08,163,201
2005,2004,2024.1.17,19:00,21:20,3,1,서울장충체육관,서울,3469,흥국생명,2:09,164,201
1004,1006,2024.1.18,19:00,20:19,0,3,의정부체육관,의정부,1503,한국전력,1:11,165,201
2006,2003,2024.1.18,19:00,20:34,0,3,화성종합실내체육관,화성,1655,정관장,1:26,166,201
1002,1009,2024.1.19,19:00,21:35,3,2,대전충무체육관,대전,1906,우리카드,2:21,167,201
2007,2001,2024.1.19,19:00,21:17,1,3,페퍼스타디움,광주,2133,현대건설,2:06,168,201
1001,1005,2024.1.30,19:00,21:40,2,3,인천계양체육관,인천,1876,현대캐피탈,2:26,169,201
2002,2004,2024.1.30,19:00,20:43,0,3,김천실내체육관,김천,3074,흥국생명,1:35,170,201
1009,1002,2024.1.31,19:00,21:10,3,1,서울장충체육관,서울,2835,삼성화재,1:59,171,201
2001,2007,2024.1.31,19:00,21:02,3,1,수원체육관,수원,1269,페퍼저축은행,1:51,172,201
1006,1004,2024.2.1,19:00,21:11,3,1,수원체육관,수원,1140,KB손해보험,2:00,173,201
2003,2006,2024.2.1,19:00,21:11,3,1,대전충무체육관,대전,1985,IBK기업은행,2:00,174,201
1008,1005,2024.2.2,19:00,21:55,2,3,안산상록수체육관,안산,2109,현대캐피탈,2:41,175,201
2005,2004,2024.2.2,19:00,20:34,0,3,서울장충체육관,서울,3528,흥국생명,1:26,176,201
1002,1001,2024.2.3,14:00,16:23,1,3,대전충무체육관,대전,2455,대한항공,2:12,177,201
2007,2002,2024.2.3,16:00,17:59,1,3,페퍼스타디움,광주,1760,한국도로공사,1:48,178,201
1006,1009,2024.2.4,14:00,16:12,1,3,수원체육관,수원,2288,우리카드,2:01,179,201
2003,2001,2024.2.4,16:00,18:25,3,2,대전충무체육관,대전,3214,현대건설,2:11,180,201
1002,1008,2024.2.6,19:00,21:01,1,3,대전충무체육관,대전,1124,OK금융그룹,1:50,181,201
2007,2005,2024.2.6,19:00,21:20,2,3,페퍼스타디움,광주,1149,GS칼텍스,2:06,182,201
1001,1004,2024.2.7,19:00,21:17,3,1,인천계양체육관,인천,1096,KB손해보험,2:06,183,201
2002,2006,2024.2.7,19:00,20:31,0,3,김천실내체육관,김천,1448,IBK기업은행,1:23,184,201
1005,1006,2024.2.8,19:00,21:25,3,2,천안유관순체육관,천안,2254,한국전력,2:11,185,201
2004,2003,2024.2.8,19:00,21:05,3,1,인천삼산월드체육관,인천,3842,정관장,1:54,186,201
1008,1009,2024.2.9,14:00,16:32,2,3,안산상록수체육관,안산,1818,우리카드,2:18,187,201
2005,2001,2024.2.9,16:00,17:59,1,3,서울장충체육관,서울,3065,현대건설,1:48,188,201
1004,1002,2024.2.10,14:00,16:26,2,3,의정부체육관,의정부,1442,삼성화재,2:12,189,201
2006,2007,2024.2.10,16:00,17:23,3,0,화성종합실내체육관,화성,1980,페퍼저축은행,1:15,190,201
1006,1001,2024.2.11,14:00,15:25,0,3,수원체육관,수원,2385,대한항공,1:17,191,201
2003,2002,2024.2.11,16:00,18:05,3,1,대전충무체육관,대전,2757,한국도로공사,1:54,192,201
1009,1005,2024.2.12,14:00,15:38,3,0,서울장충체육관,서울,3599,현대캐피탈,1:30,193,201
2001,2004,2024.2.12,16:00,17:30,0,3,수원체육관,수원,3834,흥국생명,1:22,194,201
1001,1008,2024.2.14,19:00,20:55,3,1,인천계양체육관,인천,1264,OK금융그룹,1:44,195,201
2002,2005,2024.2.14,19:00,21:03,3,1,김천실내체육관,김천,1157,GS칼텍스,1:52,196,201
1005,1004,2024.2.15,19:00,21:31,3,2,천안유관순체육관,천안,1610,KB손해보험,2:17,197,201
2004,2006,2024.2.15,19:00,21:39,3,2,인천삼산월드체육관,인천,3370,IBK기업은행,2:25,198,201
1002,1006,2024.2.16,19:00,20:36,0,3,대전충무체육관,대전,1716,한국전력,1:28,199,201
2007,2003,2024.2.16,19:00,20:53,1,3,페퍼스타디움,광주,1218,정관장,1:42,200,201
1009,1001,2024.2.17,14:00,16:34,2,3,서울장충체육관,서울,3609,대한항공,2:20,201,201
2001,2002,2024.2.17,16:00,18:24,3,2,수원체육관,수원,2643,한국도로공사,2:10,202,201
1004,1008,2024.2.18,14:00,16:13,1,3,의정부체육관,의정부,2401,OK금융그룹,2:02,203,201
2006,2005,2024.2.18,16:00,17:31,3,0,화성종합실내체육관,화성,2782,GS칼텍스,1:23,204,201
1005,1002,2024.2.20,19:00,21:37,2,3,천안유관순체육관,천안,1858,삼성화재,2:23,205,201
2004,2007,2024.2.20,19:00,20:55,3,1,인천삼산월드체육관,인천,2526,페퍼저축은행,1:44,206,201
1008,1006,2024.2.21,19:00,20:37,0,3,안산상록수체육관,안산,1442,한국전력,1:29,207,201
2005,2003,2024.2.21,19:00,20:35,0,3,서울장충체육관,서울,2422,정관장,1:27,208,201
1004,1009,2024.2.22,19:00,20:25,0,3,의정부체육관,의정부,1180,우리카드,1:17,209,201
2001,2006,2024.2.22,19:00,21:23,3,2,수원체육관,수원,1568,IBK기업은행,2:09,210,201
1001,1002,2024.2.23,19:00,21:06,3,1,인천계양체육관,인천,1436,삼성화재,1:55,211,201
2002,2007,2024.2.23,19:00,21:33,2,3,김천실내체육관,김천,1238,페퍼저축은행,2:19,212,201
1006,1005,2024.2.24,14:00,15:35,0,3,수원체육관,수원,3199,현대캐피탈,1:27,213,201
2003,2004,2024.2.24,16:00,18:27,3,1,대전충무체육관,대전,3678,흥국생명,2:16,214,201
1008,1004,2024.2.25,14:00,15:29,3,0,안산상록수체육관,안산,1985,KB손해보험,1:21,215,201
2005,2006,2024.2.25,16:00,17:37,3,0,서울장충체육관,서울,3340,IBK기업은행,1:29,216,201
1001,1006,2024.2.27,19:00,20:39,3,0,인천계양체육관,인천,1498,한국전력,1:31,217,201
2002,2003,2024.2.27,19:00,21:00,1,3,김천실내체육관,김천,1455,정관장,1:49,218,201
1009,1008,2024.2.28,19:00,21:34,2,3,서울장충체육관,서울,3007,OK금융그룹,2:20,219,201
2001,2005,2024.2.28,19:00,20:29,3,0,수원체육관,수원,1247,GS칼텍스,1:21,220,201
1002,1004,2024.2.29,19:00,21:27,2,3,대전충무체육관,대전,1251,KB손해보험,2:13,221,201
2007,2006,2024.2.29,19:00,21:17,2,3,페퍼스타디움,광주,1396,IBK기업은행,2:03,222,201
1005,1001,2024.3.1,14:00,16:15,1,3,천안유관순체육관,천안,3475,대한항공,2:04,223,201
2004,2002,2024.3.1,13:50,15:52,3,1,인천삼산월드체육관,인천,6122,한국도로공사,1:51,224,201
1009,1006,2024.3.2,14:00,15:39,3,0,서울장충체육관,서울,3312,한국전력,1:31,225,201
2001,2003,2024.3.2,16:00,18:15,2,3,수원체육관,수원,3834,정관장,2:01,226,201
1008,1002,2024.3.3,14:00,16:04,1,3,안산상록수체육관,안산,1879,삼성화재,1:53,227,201
2005,2007,2024.3.3,16:00,17:30,3,0,서울장충체육관,서울,1915,페퍼저축은행,1:22,228,201
1004,1005,2024.3.5,19:00,20:35,0,3,의정부체육관,의정부,1034,현대캐피탈,1:27,229,201
2006,2004,2024.3.5,19:00,21:22,1,3,화성종합실내체육관,화성,2421,흥국생명,2:11,230,201
1001,1009,2024.3.6,19:00,20:44,0,3,인천계양체육관,인천,2009,우리카드,1:36,231,201
2002,2001,2024.3.6,19:00,21:07,3,2,김천실내체육관,김천,1157,현대건설,1:53,232,201
1006,1008,2024.3.7,19:00,21:07,1,3,수원체육관,수원,1064,OK금융그룹,1:56,233,201
2003,2005,2024.3.7,19:00,20:24,3,0,대전충무체육관,대전,1828,GS칼텍스,1:16,234,201
1002,1005,2024.3.8,19:00,20:36,0,3,대전충무체육관,대전,1565,현대캐피탈,1:28,235,201
2007,2004,2024.3.8,19:00,21:01,3,1,페퍼스타디움,광주,2120,흥국생명,1:50,236,201
1009,1004,2024.3.9,14:00,16:08,3,1,서울장충체육관,서울,2561,KB손해보험,1:57,237,201
2001,2006,2024.3.9,13:50,15:19,3,0,수원체육관,수원,2124,IBK기업은행,1:21,238,201
1008,1001,2024.3.10,14:00,16:31,3,2,안산상록수체육관,안산,2635,대한항공,2:17,239,201
2005,2002,2024.3.10,16:00,17:35,0,3,서울장충체육관,서울,2254,한국도로공사,1:27,240,201
1005,1009,2024.3.12,19:00,21:06,3,1,천안유관순체육관,천안,1693,우리카드,1:55,241,201
2001,2004,2024.3.12,19:00,20:40,0,3,수원체육관,수원,3836,흥국생명,1:32,242,201
1006,1002,2024.3.13,19:00,21:03,3,1,수원체육관,수원,857,삼성화재,1:52,243,201
2003,2007,2024.3.13,19:00,20:57,1,3,대전충무체육관,대전,1455,페퍼저축은행,1:46,244,201
1004,1001,2024.3.14,19:00,20:31,0,3,의정부체육관,의정부,1014,대한항공,1:23,245,201
2006,2002,2024.3.14,19:00,21:31,3,2,화성종합실내체육관,화성,944,한국도로공사,2:17,246,201
1005,1008,2024.3.15,19:00,21:32,3,2,천안유관순체육관,천안,2689,OK금융그룹,2:18,247,201
2004,2005,2024.3.15,19:00,20:26,3,0,인천삼산월드체육관,인천,4422,GS칼텍스,1:18,248,201
1002,1009,2024.3.16,14:00,16:40,3,2,대전충무체육관,대전,2000,우리카드,2:26,249,201
2007,2001,2024.3.16,16:00,18:03,1,3,페퍼스타디움,광주,4000,현대건설,1:52,250,201
1004,1006,2024.3.17,14:00,16:13,1,3,의정부체육관,의정부,2137,한국전력,2:02,251,201
2006,2003,2024.3.17,16:00,17:31,3,0,화성종합실내체육관,화성,2720,정관장,1:23,252,201
1008,1005,2024.3.21,19:00,21:44,3,2,안산상록수체육관,안산,2310,현대캐피탈,2:30,254,204
2004,2003,2024.3.22,19:00,21:17,3,1,인천삼산월드체육관,인천,4281,정관장,2:06,255,202
1009,1008,2024.3.23,19:00,21:29,2,3,서울장충체육관,서울,3378,OK금융그룹,2:15,256,202
2003,2004,2024.3.24,19:00,21:16,3,1,대전충무체육관,대전,3514,흥국생명,2:05,257,202
1008,1009,2024.3.25,19:00,20:29,3,0,안산상록수체육관,안산,2052,우리카드,1:21,258,202
2004,2003,2024.3.26,19:00,20:36,3,0,인천삼산월드체육관,인천,4228,정관장,1:28,259,202
2001,2004,2024.3.28,19:00,21:28,3,2,수원체육관,수원,3244,흥국생명,2:14,261,203
1001,1008,2024.3.29,19:00,21:13,3,1,인천계양체육관,인천,2213,OK금융그룹,2:02,262,203
2001,2004,2024.3.30,13:55,16:31,3,2,수원체육관,수원,3836,흥국생명,2:22,263,203
1001,1008,2024.3.31,14:00,15:47,3,0,인천계양체육관,인천,2249,OK금융그룹,1:39,264,203
2004,2001,2024.4.1,19:00,21:40,2,3,인천삼산월드체육관,인천,5772,현대건설,2:26,265,203
1008,1001,2024.4.2,19:00,21:40,2,3,안산상록수체육관,안산,2405,대한항공,2:26,266,203
1001,1008,2024.10.19,14:00,15:58,3,1,인천계양체육관,인천,2261,OK저축은행,1:47,1,201
2001,2004,2024.10.19,16:00,17:59,1,3,수원체육관,수원,3800,흥국생명,1:48,2,201
1009,1005,2024.10.20,14:00,16:29,2,3,서울장충체육관,서울,3105,현대캐피탈,2:15,3,201
2003,2005,2024.10.20,16:00,17:26,3,0,대전충무체육관,대전,2660,GS칼텍스,1:18,4,201
1002,1004,2024.10.22,19:00,21:08,3,1,대전충무체육관,대전,1950,KB손해보험,1:57,5,201
2002,2007,2024.10.22,19:00,20:25,0,3,김천실내체육관,김천,1518,페퍼저축은행,1:17,6,201
1006,1001,2024.10.23,19:00,21:43,3,2,수원체육관,수원,1458,대한항공,2:29,7,201
2006,2001,2024.10.23,19:00,21:14,1,3,화성종합실내체육관,화성,1628,현대건설,2:03,8,201
1008,1005,2024.10.24,19:00,20:33,0,3,안산상록수체육관,안산,2104,현대캐피탈,1:25,9,201
2004,2005,2024.10.24,19:00,20:37,3,0,인천삼산월드체육관,인천,3044,GS칼텍스,1:29,10,201
1004,1009,2024.10.25,19:00,20:58,1,3,의정부체육관,의정부,1913,우리카드,1:47,11,201
2007,2003,2024.10.25,19:00,21:20,2,3,페퍼스타디움,광주,2130,정관장,2:06,12,201
1006,1002,2024.10.26,14:00,16:25,3,2,수원체육관,수원,1351,삼성화재,2:11,13,201
2002,2006,2024.10.26,16:00,18:08,1,3,김천실내체육관,김천,2221,IBK기업은행,1:57,14,201
1005,1001,2024.10.27,14:00,16:51,3,2,천안유관순체육관,천안,3372,대한항공,2:37,15,201
2005,2001,2024.10.27,16:00,17:32,0,3,서울장충체육관,서울,2331,현대건설,1:24,16,201
1008,1004,2024.10.29,19:00,21:03,3,1,안산상록수체육관,안산,1338,KB손해보험,1:52,17,201
2004,2007,2024.10.29,19:00,21:08,3,1,인천삼산월드체육관,인천,2405,페퍼저축은행,1:57,18,201
1009,1006,2024.10.30,19:00,21:22,1,3,서울장충체육관,서울,2892,한국전력,2:11,19,201
2003,2006,2024.10.30,19:00,21:26,2,3,대전충무체육관,대전,1492,IBK기업은행,2:12,20,201
1001,1002,2024.10.31,19:00,20:36,3,0,인천계양체육관,인천,1151,삼성화재,1:28,21,201
2001,2002,2024.10.31,19:00,21:39,3,2,수원체육관,수원,1353,한국도로공사,2:25,22,201
1004,1005,2024.11.1,19:00,20:36,0,3,의정부체육관,의정부,1531,현대캐피탈,1:28,23,201
2007,2005,2024.11.1,19:00,21:11,1,3,페퍼스타디움,광주,1561,GS칼텍스,2:00,24,201
1006,1008,2024.11.2,14:00,16:30,3,2,수원체육관,수원,1635,OK저축은행,2:16,25,201
2006,2004,2024.11.2,16:00,17:44,0,3,화성종합실내체육관,화성,3962,흥국생명,1:36,26,201
1002,1009,2024.11.3,14:00,16:43,2,3,대전충무체육관,대전,1879,우리카드,2:29,27,201
2002,2003,2024.11.3,16:00,17:41,0,3,김천실내체육관,김천,2253,정관장,1:33,28,201
1001,1004,2024.11.5,19:00,21:29,3,2,인천계양체육관,인천,1086,KB손해보험,2:15,29,201
2001,2007,2024.11.5,19:00,20:51,3,1,수원체육관,수원,1217,페퍼저축은행,1:40,30,201
1005,1006,2024.11.6,19:00,21:47,2,3,천안유관순체육관,천안,2734,한국전력,2:33,31,201
2005,2006,2024.11.6,19:00,21:37,2,3,서울장충체육관,서울,2369,IBK기업은행,2:23,32,201
1002,1008,2024.11.7,19:00,20:28,3,0,대전충무체육관,대전,1675,OK저축은행,1:20,33,201
2002,2004,2024.11.7,19:00,21:05,1,3,김천실내체육관,김천,2368,흥국생명,1:54,34,201
1009,1001,2024.11.8,19:00,21:44,3,2,서울장충체육관,서울,3252,대한항공,2:30,35,201
2003,2001,2024.11.8,19:00,21:27,1,3,대전충무체육관,대전,1658,현대건설,2:16,36,201
1004,1006,2024.11.9,14:00,15:45,3,0,의정부체육관,의정부,2101,한국전력,1:37,37,201
2007,2006,2024.11.9,16:00,17:31,0,3,페퍼스타디움,광주,2305,IBK기업은행,1:23,38,201
1005,1002,2024.11.10,14:00,15:48,3,0,천안유관순체육관,천안,3404,삼성화재,1:40,39,201
2005,2002,2024.11.10,16:00,18:13,1,3,서울장충체육관,서울,2399,한국도로공사,2:02,40,201
1008,1009,2024.11.12,19:00,21:25,1,3,안산상록수체육관,안산,1031,우리카드,2:14,41,201
2004,2003,2024.11.12,19:00,21:35,3,2,인천삼산월드체육관,인천,3144,정관장,2:21,42,201
1004,1001,2024.11.13,19:00,21:04,1,3,의정부체육관,의정부,1102,대한항공,1:53,43,201
2007,2001,2024.11.13,19:00,20:22,0,3,페퍼스타디움,광주,1303,현대건설,1:14,44,201
1006,1005,2024.11.14,19:00,20:44,0,3,수원체육관,수원,1695,현대캐피탈,1:36,45,201
2006,2005,2024.11.14,19:00,21:15,3,1,화성종합실내체육관,화성,1182,GS칼텍스,2:04,46,201
1008,1002,2024.11.15,19:00,20:42,0,3,안산상록수체육관,안산,1152,삼성화재,1:34,47,201
2004,2002,2024.11.15,19:00,21:09,3,1,인천삼산월드체육관,인천,3483,한국도로공사,1:58,48,201
1001,1009,2024.11.16,14:00,16:21,3,1,인천계양체육관,인천,2119,우리카드,2:10,49,201
2001,2003,2024.11.16,16:00,18:05,3,1,수원체육관,수원,2851,정관장,1:54,50,201
1006,1004,2024.11.17,14:00,16:12,1,3,수원체육관,수원,1862,KB손해보험,2:01,51,201
2006,2007,2024.11.17,16:00,17:38,3,0,화성종합실내체육관,화성,2414,페퍼저축은행,1:30,52,201
1002,1005,2024.11.19,19:00,20:45,0,3,대전충무체육관,대전,2019,현대캐피탈,1:37,53,201
2002,2005,2024.11.19,19:00,20:59,3,1,김천실내체육관,김천,1286,GS칼텍스,1:48,54,201
1009,1008,2024.11.20,19:00,21:08,1,3,서울장충체육관,서울,2534,OK저축은행,1:57,55,201
2003,2004,2024.11.20,19:00,20:34,0,3,대전충무체육관,대전,2989,흥국생명,1:26,56,201
1001,1006,2024.11.21,19:00,20:24,3,0,인천계양체육관,인천,2257,한국전력,1:16,57,201
2001,2006,2024.11.21,19:00,21:35,2,3,수원체육관,수원,1846,IBK기업은행,2:21,58,201
1004,1002,2024.11.22,19:00,21:11,3,1,의정부체육관,의정부,1314,삼성화재,2:00,59,201
2007,2002,2024.11.22,19:00,21:39,3,2,페퍼스타디움,광주,1753,한국도로공사,2:25,60,201
1005,1009,2024.11.23,14:00,15:43,0,3,천안유관순체육관,천안,3537,우리카드,1:35,61,201
2005,2003,2024.11.23,16:00,18:23,2,3,서울장충체육관,서울,2560,정관장,2:09,62,201
1008,1001,2024.11.24,14:00,15:39,0,3,안산상록수체육관,안산,2253,대한항공,1:31,63,201
2004,2001,2024.11.24,16:00,18:25,3,1,인천삼산월드체육관,인천,6014,현대건설,2:14,64,201
1006,1002,2024.11.26,19:00,20:59,1,3,수원체육관,수원,1010,삼성화재,1:48,65,201
2002,2006,2024.11.26,19:00,20:36,0,3,김천실내체육관,김천,1648,IBK기업은행,1:28,66,201
1009,1004,2024.11.27,19:00,21:07,3,1,서울장충체육관,서울,2071,KB손해보험,1:56,67,201
2003,2007,2024.11.27,19:00,21:04,1,3,대전충무체육관,대전,1023,페퍼저축은행,1:53,68,201
1005,1008,2024.11.28,19:00,21:11,3,1,천안유관순체육관,천안,1791,OK저축은행,2:00,69,201
2005,2004,2024.11.28,19:00,20:53,1,3,서울장충체육관,서울,3005,흥국생명,1:42,70,201
1002,1001,2024.11.29,19:00,21:33,2,3,대전충무체육관,대전,1987,대한항공,2:19,71,201
2002,2001,2024.11.29,19:00,20:51,1,3,김천실내체육관,김천,1401,현대건설,1:40,72,201
1006,1009,2024.11.30,14:00,15:39,3,0,수원체육관,수원,1651,우리카드,1:31,73,201
2006,2003,2024.11.30,16:00,17:24,0,3,화성종합실내체육관,화성,2603,정관장,1:16,74,201
1004,1008,2024.12.1,14:00,15:34,3,0,인천계양체육관,인천,1243,OK저축은행,1:26,75,201
2007,2004,2024.12.1,16:00,17:33,0,3,페퍼스타디움,광주,4000,흥국생명,1:25,76,201
1001,1005,2024.12.3,19:00,21:15,1,3,인천계양체육관,인천,2040,현대캐피탈,2:04,77,201
2001,2005,2024.12.3,19:00,20:24,3,0,수원체육관,수원,1014,GS칼텍스,1:16,78,201
1009,1002,2024.12.4,19:00,21:06,1,3,서울장충체육관,서울,2298,삼성화재,1:55,79,201
2003,2002,2024.12.4,19:00,20:29,3,0,대전충무체육관,대전,1097,한국도로공사,1:21,80,201
1008,1006,2024.12.5,19:00,21:21,2,3,안산상록수체육관,안산,1279,한국전력,2:07,81,201
2004,2006,2024.12.5,19:00,21:32,3,2,인천삼산월드체육관,인천,3796,IBK기업은행,2:18,82,201
1005,1004,2024.12.6,19:00,20:32,3,0,천안유관순체육관,천안,2092,KB손해보험,1:24,83,201
2007,2005,2024.12.6,19:00,20:52,3,1,페퍼스타디움,광주,1495,GS칼텍스,1:41,84,201
1002,1009,2024.12.7,14:00,16:39,2,3,대전충무체육관,대전,1834,우리카드,2:25,85,201
2002,2003,2024.12.7,16:00,18:06,1,3,김천실내체육관,김천,2344,정관장,1:55,86,201
1006,1001,2024.12.8,14:00,15:34,0,3,수원체육관,수원,1827,대한항공,1:26,87,201
2006,2001,2024.12.8,16:00,17:23,0,3,화성종합실내체육관,화성,2107,현대건설,1:15,88,201
1008,1004,2024.12.10,19:00,21:19,2,3,안산상록수체육관,안산,897,KB손해보험,2:05,89,201
2004,2007,2024.12.10,19:00,20:34,3,0,인천삼산월드체육관,인천,2280,페퍼저축은행,1:26,90,201
1005,1002,2024.12.11,19:00,21:30,3,2,천안유관순체육관,천안,1937,삼성화재,2:16,91,201
2005,2002,2024.12.11,19:00,21:42,2,3,서울장충체육관,서울,1369,한국도로공사,2:28,92,201
1009,1001,2024.12.12,19:00,21:31,3,2,서울장충체육관,서울,2322,대한항공,2:17,93,201
2003,2001,2024.12.12,19:00,21:17,3,2,대전충무체육관,대전,1843,현대건설,2:03,94,201
1006,1008,2024.12.13,19:00,21:13,1,3,수원체육관,수원,831,OK저축은행,2:02,95,201
2006,2004,2024.12.13,19:00,20:28,0,3,화성종합실내체육관,화성,2146,흥국생명,1:20,96,201
1004,1005,2024.12.14,14:00,15:34,0,3,안산상록수체육관,안산,1338,현대캐피탈,1:26,97,201
2007,2005,2024.12.14,16:00,17:18,3,0,페퍼스타디움,광주,1787,GS칼텍스,1:10,98,201
1001,1002,2024.12.15,14:00,16:22,3,1,인천계양체육관,인천,2012,삼성화재,2:11,99,201
2001,2002,2024.12.15,16:00,18:00,3,1,수원체육관,수원,2241,한국도로공사,1:49,100,201
1008,1009,2024.12.17,19:00,20:33,3,0,안산상록수체육관,안산,941,우리카드,1:25,101,201
2004,2003,2024.12.17,19:00,21:09,1,3,인천삼산월드체육관,인천,3365,정관장,1:58,102,201
1005,1006,2024.12.18,19:00,21:09,3,1,천안유관순체육관,천안,2567,한국전력,1:58,103,201
2005,2006,2024.12.18,19:00,21:08,1,3,서울장충체육관,서울,2190,IBK기업은행,1:57,104,201
1002,1004,2024.12.19,19:00,21:18,1,3,대전충무체육관,대전,2037,KB손해보험,2:07,105,201
2002,2007,2024.12.19,19:00,21:25,3,2,김천실내체육관,김천,1326,페퍼저축은행,2:11,106,201
1001,1008,2024.12.20,19:00,21:10,3,1,인천계양체육관,인천,1408,OK저축은행,1:59,107,201
2001,2004,2024.12.20,19:00,20:26,3,0,수원체육관,수원,3334,흥국생명,1:18,108,201
1009,1005,2024.12.21,14:00,16:10,1,3,서울장충체육관,서울,3452,현대캐피탈,1:59,109,201
2003,2005,2024.12.21,16:00,17:56,3,1,대전충무체육관,대전,2554,GS칼텍스,1:45,110,201
1004,1006,2024.12.22,14:00,15:32,3,0,경민대학교 기념관(체육관),의정부,1506,한국전력,1:24,111,201
2007,2006,2024.12.22,16:00,18:15,1,3,페퍼스타디움,광주,2308,IBK기업은행,2:04,112,201
1002,1008,2024.12.24,19:00,20:30,3,0,대전충무체육관,대전,1299,OK저축은행,1:22,113,201
2002,2004,2024.12.24,19:00,20:26,3,0,김천실내체육관,김천,3330,흥국생명,1:18,114,201
1005,1001,2024.12.25,14:00,15:29,3,0,천안유관순체육관,천안,3610,대한항공,1:21,115,201
2005,2001,2024.12.25,16:00,17:56,0,3,서울장충체육관,서울,2830,현대건설,1:48,116,201
1004,1009,2024.12.26,19:00,20:58,3,1,경민대학교 기념관(체육관),의정부,1343,우리카드,1:47,117,201
2007,2003,2024.12.26,19:00,21:20,2,3,페퍼스타디움,광주,1626,정관장,2:06,118,201
1002,1006,2024.12.27,19:00,21:15,1,3,대전충무체육관,대전,1783,한국전력,2:04,119,201
2006,2002,2024.12.27,19:00,20:29,3,0,화성종합실내체육관,화성,1643,한국도로공사,1:21,120,201
1008,1005,2024.12.28,14:00,16:21,1,3,안산상록수체육관,안산,2300,현대캐피탈,2:10,121,201
2004,2005,2024.12.28,13:57,15:32,3,0,인천삼산월드체육관,인천,4968,GS칼텍스,1:27,122,201
1001,1004,2024.12.29,14:00,16:15,2,3,인천계양체육관,인천,2201,KB손해보험,2:01,123,201
2007,2001,2024.12.29,16:00,18:27,3,2,페퍼스타디움,광주,2290,현대건설,2:13,124,201
1009,1006,2024.12.31,19:00,21:15,3,1,서울장충체육관,서울,3281,한국전력,2:04,125,201
2003,2006,2024.12.31,19:00,20:20,3,0,대전충무체육관,대전,2335,IBK기업은행,1:12,126,201
1005,1008,2025.1.7,19:00,20:28,3,0,천안유관순체육관,천안,2319,OK저축은행,1:20,127,201
2005,2004,2025.1.7,19:00,21:27,3,2,서울장충체육관,서울,2838,흥국생명,2:13,128,201
1002,1001,2025.1.8,19:00,20:35,0,3,대전충무체육관,대전,1173,대한항공,1:27,129,201
2002,2001,2025.1.8,19:00,21:24,2,3,김천실내체육관,김천,1375,현대건설,2:10,130,201
1006,1004,2025.1.9,19:00,21:17,1,3,수원체육관,수원,846,KB손해보험,2:06,131,201
2006,2007,2025.1.9,19:00,21:26,2,3,화성종합실내체육관,화성,1242,페퍼저축은행,2:12,132,201
1005,1009,2025.1.10,19:00,20:26,3,0,천안유관순체육관,천안,2484,우리카드,1:18,133,201
2005,2003,2025.1.10,19:00,21:28,2,3,서울장충체육관,서울,1621,정관장,2:14,134,201
1008,1002,2025.1.11,14:00,16:02,1,3,안산상록수체육관,안산,1516,삼성화재,1:51,135,201
2004,2002,2025.1.11,16:00,18:38,2,3,인천삼산월드체육관,인천,4812,한국도로공사,2:24,136,201
1004,1001,2025.1.12,14:00,16:27,3,2,경민대학교 기념관(체육관),의정부,1530,대한항공,2:13,137,201
2001,2007,2025.1.12,16:00,18:06,1,3,수원체육관,수원,2858,페퍼저축은행,1:55,138,201
1006,1009,2025.1.14,19:00,21:26,2,3,수원체육관,수원,1056,우리카드,2:12,139,201
2006,2003,2025.1.14,19:00,21:38,2,3,화성종합실내체육관,화성,1537,정관장,2:24,140,201
1002,1005,2025.1.15,19:00,20:31,0,3,대전충무체육관,대전,1844,현대캐피탈,1:23,141,201
2002,2005,2025.1.15,19:00,21:30,3,2,김천실내체육관,김천,1128,GS칼텍스,2:16,142,201
1004,1008,2025.1.16,19:00,21:31,3,2,경민대학교 기념관(체육관),의정부,1056,OK저축은행,2:17,143,201
2007,2004,2025.1.16,19:00,21:25,2,3,페퍼스타디움,광주,3305,흥국생명,2:11,144,201
1001,1006,2025.1.17,19:00,20:53,3,1,인천계양체육관,인천,1825,한국전력,1:42,145,201
2001,2006,2025.1.17,19:00,20:27,3,0,수원체육관,수원,1867,IBK기업은행,1:19,146,201
1009,1002,2025.1.18,14:00,16:19,3,1,서울장충체육관,서울,3476,삼성화재,2:08,147,201
2003,2002,2025.1.18,16:00,17:34,3,0,대전충무체육관,대전,3154,한국도로공사,1:26,148,201
1005,1004,2025.1.19,14:00,16:07,3,1,천안유관순체육관,천안,3728,KB손해보험,1:56,149,201
2005,2007,2025.1.19,16:00,17:34,3,0,서울장충체육관,서울,2953,페퍼저축은행,1:26,150,201
1008,1006,2025.1.21,19:00,21:11,1,3,안산상록수체육관,안산,1118,한국전력,2:00,151,201
2004,2006,2025.1.21,19:00,21:11,3,1,인천삼산월드체육관,인천,3027,IBK기업은행,2:00,152,201
1001,1009,2025.1.22,19:00,21:23,3,2,인천계양체육관,인천,1330,우리카드,2:09,153,201
2001,2003,2025.1.22,19:00,21:32,2,3,수원체육관,수원,1711,정관장,2:18,154,201
1004,1002,2025.1.23,19:00,21:11,3,1,경민대학교 기념관(체육관),의정부,1061,삼성화재,2:00,155,201
2007,2002,2025.1.23,19:00,20:30,0,3,페퍼스타디움,광주,1844,한국도로공사,1:22,156,201
1006,1005,2025.1.24,19:00,20:29,0,3,수원체육관,수원,1653,현대캐피탈,1:21,157,201
2006,2005,2025.1.24,19:00,21:26,2,3,화성종합실내체육관,화성,1181,GS칼텍스,2:12,158,201
1008,1001,2025.1.25,14:00,16:20,2,3,안산상록수체육관,안산,1947,대한항공,2:06,159,201
2004,2001,2025.1.25,16:00,17:30,3,0,인천삼산월드체육관,인천,6050,현대건설,1:22,160,201
1009,1004,2025.1.26,14:00,15:40,0,3,서울장충체육관,서울,3510,KB손해보험,1:32,161,201
2003,2007,2025.1.26,16:00,17:53,3,1,대전충무체육관,대전,3655,페퍼저축은행,1:42,162,201
1002,1006,2025.1.28,14:00,15:26,3,0,대전충무체육관,대전,1372,한국전력,1:18,163,201
2002,2006,2025.1.28,16:00,17:42,3,0,김천실내체육관,김천,2703,IBK기업은행,1:34,164,201
1001,1005,2025.1.29,14:00,16:09,1,3,인천계양체육관,인천,2141,현대캐피탈,1:58,165,201
2001,2005,2025.1.29,16:00,17:31,3,0,수원체육관,수원,2429,GS칼텍스,1:23,166,201
1009,1008,2025.1.30,14:00,16:06,3,1,서울장충체육관,서울,3132,OK저축은행,1:55,167,201
2003,2004,2025.1.30,13:35,16:02,2,3,대전충무체육관,대전,3770,흥국생명,2:13,168,201
1004,1006,2025.1.31,19:00,21:54,3,2,경민대학교 기념관(체육관),의정부,1520,한국전력,2:40,169,201
2007,2006,2025.1.31,19:00,21:11,1,3,페퍼스타디움,광주,2360,IBK기업은행,2:00,170,201
1005,1002,2025.2.1,14:00,15:28,3,0,천안유관순체육관,천안,3653,삼성화재,1:20,171,201
2005,2002,2025.2.1,16:00,18:02,3,1,서울장충체육관,서울,3111,한국도로공사,1:51,172,201
1008,1009,2025.2.2,14:00,16:28,3,1,안산상록수체육관,안산,1831,우리카드,2:17,173,201
2004,2003,2025.2.2,16:00,18:08,3,1,인천삼산월드체육관,인천,6040,정관장,1:57,174,201
1006,1001,2025.2.4,19:00,21:35,2,3,수원체육관,수원,852,대한항공,2:21,175,201
2006,2001,2025.2.4,19:00,21:01,1,3,화성종합실내체육관,화성,1073,현대건설,1:50,176,201
1004,1005,2025.2.5,19:00,20:33,3,0,경민대학교 기념관(체육관),의정부,1520,현대캐피탈,1:25,177,201
2005,2007,2025.2.5,19:00,21:45,2,3,서울장충체육관,서울,1225,페퍼저축은행,2:31,178,201
1002,1008,2025.2.6,19:00,20:36,0,3,대전충무체육관,대전,1023,OK저축은행,1:28,179,201
2002,2004,2025.2.6,19:00,20:26,0,3,김천실내체육관,김천,2875,흥국생명,1:18,180,201
1009,1001,2025.2.7,19:00,21:30,2,3,서울장충체육관,서울,2447,대한항공,2:16,181,201
2003,2001,2025.2.7,19:00,20:58,3,1,대전충무체육관,대전,1760,현대건설,1:47,182,201
1005,1006,2025.2.8,14:00,16:13,3,1,천안유관순체육관,천안,3618,한국전력,2:02,183,201
2005,2006,2025.2.8,16:00,17:33,3,0,서울장충체육관,서울,3016,IBK기업은행,1:25,184,201
1008,1004,2025.2.9,14:00,15:29,0,3,안산상록수체육관,안산,1905,KB손해보험,1:21,185,201
2004,2007,2025.2.9,16:00,17:28,3,0,인천삼산월드체육관,인천,5667,페퍼저축은행,1:20,186,201
1001,1002,2025.2.11,19:00,21:27,2,3,인천계양체육관,인천,1246,삼성화재,2:13,187,201
2001,2002,2025.2.11,19:00,21:06,1,3,수원체육관,수원,1260,한국도로공사,1:55,188,201
1009,1006,2025.2.12,19:00,21:10,3,1,서울장충체육관,서울,2481,한국전력,1:59,189,201
2003,2006,2025.2.12,19:00,20:29,3,0,대전충무체육관,대전,1850,IBK기업은행,1:21,190,201
1008,1005,2025.2.13,19:00,20:38,0,3,안산상록수체육관,안산,1612,현대캐피탈,1:30,191,201
2004,2005,2025.2.13,19:00,21:00,3,1,인천삼산월드체육관,인천,3077,GS칼텍스,1:49,192,201
1001,1004,2025.2.14,19:00,20:29,0,3,인천계양체육관,인천,1710,KB손해보험,1:21,193,201
2001,2007,2025.2.14,19:00,20:26,3,0,수원체육관,수원,1275,페퍼저축은행,1:18,194,201
1002,1009,2025.2.15,14:00,16:18,1,3,대전충무체육관,대전,1900,우리카드,2:07,195,201
2002,2003,2025.2.15,16:00,18:24,2,3,김천실내체육관,김천,3044,정관장,2:10,196,201
1006,1008,2025.2.16,14:00,16:19,3,1,수원체육관,수원,2004,OK저축은행,2:08,197,201
2006,2004,2025.2.16,16:00,17:27,0,3,화성종합실내체육관,화성,3945,흥국생명,1:19,198,201
1005,1001,2025.2.18,19:00,20:59,1,3,천안유관순체육관,천안,3494,대한항공,1:48,199,201
2005,2001,2025.2.18,19:00,21:24,3,2,서울장충체육관,서울,2032,현대건설,2:10,200,201
1004,1009,2025.2.19,19:00,21:11,3,1,경민대학교 기념관(체육관),의정부,1520,우리카드,2:00,201,201
2007,2003,2025.2.19,19:00,20:24,3,0,페퍼스타디움,광주,2122,정관장,1:16,202,201
1006,1002,2025.2.20,19:00,20:45,0,3,수원체육관,수원,741,삼성화재,1:37,203,201
2006,2002,2025.2.20,19:00,20:41,0,3,화성종합실내체육관,화성,1143,한국도로공사,1:33,204,201
1001,1008,2025.2.21,19:00,21:33,3,2,인천계양체육관,인천,1232,OK저축은행,2:19,205,201
2001,2004,2025.2.21,19:00,20:24,0,3,수원체육관,수원,3808,흥국생명,1:16,206,201
1009,1005,2025.2.22,14:00,16:12,1,3,서울장충체육관,서울,3510,현대캐피탈,2:01,207,201
2003,2005,2025.2.22,16:00,17:35,3,0,대전충무체육관,대전,2681,GS칼텍스,1:27,208,201
1002,1004,2025.2.23,14:00,15:35,0,3,대전충무체육관,대전,1966,KB손해보험,1:27,209,201
2002,2007,2025.2.23,16:00,18:17,3,2,김천실내체육관,김천,2603,페퍼저축은행,2:03,210,201
1008,1006,2025.2.25,19:00,20:30,0,3,안산상록수체육관,안산,1256,한국전력,1:22,211,201
2004,2006,2025.2.25,19:00,20:57,3,1,인천삼산월드체육관,인천,6067,IBK기업은행,1:46,212,201
1005,1009,2025.2.26,19:00,21:52,2,3,천안유관순체육관,천안,2540,우리카드,2:38,213,201
2005,2003,2025.2.26,19:00,21:01,3,1,서울장충체육관,서울,1827,정관장,1:50,214,201
1002,1001,2025.2.27,19:00,20:34,0,3,대전충무체육관,대전,1204,대한항공,1:26,215,201
2002,2001,2025.2.27,19:00,20:51,3,1,김천실내체육관,김천,1439,현대건설,1:40,216,201
1006,1004,2025.2.28,19:00,21:17,1,3,수원체육관,수원,1073,KB손해보험,2:06,217,201
2006,2007,2025.2.28,19:00,20:36,3,0,화성종합실내체육관,화성,1397,페퍼저축은행,1:28,218,201
1009,1008,2025.3.1,14:00,15:56,3,1,서울장충체육관,서울,3186,OK저축은행,1:45,219,201
2003,2004,2025.3.1,14:02,16:31,3,2,대전충무체육관,대전,3811,흥국생명,2:15,220,201
1001,1005,2025.3.2,14:00,16:42,2,3,인천계양체육관,인천,2115,현대캐피탈,2:28,221,201
2001,2005,2025.3.2,16:00,18:07,1,3,수원체육관,수원,2252,GS칼텍스,1:56,222,201
1004,1002,2025.3.3,14:00,16:40,2,3,경민대학교 기념관(체육관),의정부,1520,삼성화재,2:26,223,201
2007,2002,2025.3.3,16:00,18:26,2,3,페퍼스타디움,광주,2032,한국도로공사,2:12,224,201
1006,1009,2025.3.5,19:00,21:27,3,2,수원체육관,수원,767,우리카드,2:13,225,201
2006,2003,2025.3.5,19:00,20:31,3,0,화성종합실내체육관,화성,993,정관장,1:23,226,201
1008,1001,2025.3.6,19:00,20:57,3,1,안산상록수체육관,안산,1010,대한항공,1:46,227,201
2004,2001,2025.3.6,19:00,20:53,1,3,인천삼산월드체육관,인천,4702,현대건설,1:42,228,201
1005,1004,2025.3.7,19:00,21:12,1,3,천안유관순체육관,천안,2121,KB손해보험,2:01,229,201
2005,2007,2025.3.7,19:00,21:22,3,2,서울장충체육관,서울,1730,페퍼저축은행,2:08,230,201
1002,1006,2025.3.8,14:00,16:07,3,1,대전충무체육관,대전,1756,한국전력,1:56,231,201
2006,2002,2025.3.8,16:00,18:33,2,3,화성종합실내체육관,화성,2192,한국도로공사,2:19,232,201
1001,1009,2025.3.9,14:00,15:44,0,3,인천계양체육관,인천,1987,우리카드,1:36,233,201
2001,2003,2025.3.9,16:00,17:17,3,0,수원체육관,수원,2198,정관장,1:09,234,201
1004,1008,2025.3.11,19:00,21:07,3,1,경민대학교 기념관(체육관),의정부,1067,OK저축은행,1:56,235,201
2007,2004,2025.3.11,19:00,21:21,3,2,페퍼스타디움,광주,3446,흥국생명,2:07,236,201
1002,1005,2025.3.12,19:00,20:49,0,3,대전충무체육관,대전,1453,현대캐피탈,1:41,237,201
2002,2005,2025.3.12,19:00,21:28,3,2,김천실내체육관,김천,1335,GS칼텍스,2:14,238,201
1001,1006,2025.3.13,19:00,21:33,2,3,인천계양체육관,인천,1357,한국전력,2:19,239,201
2001,2006,2025.3.13,19:00,21:07,1,3,수원체육관,수원,1134,IBK기업은행,1:56,240,201
1009,1004,2025.3.14,19:00,21:12,1,3,서울장충체육관,서울,2362,KB손해보험,2:01,241,201
2003,2007,2025.3.14,19:00,20:36,3,0,대전충무체육관,대전,1095,페퍼저축은행,1:28,242,201
1008,1002,2025.3.15,14:00,15:56,1,3,안산상록수체육관,안산,1913,삼성화재,1:45,243,201
2004,2002,2025.3.15,16:00,18:05,3,1,인천삼산월드체육관,인천,6015,한국도로공사,1:54,244,201
1006,1005,2025.3.16,14:00,15:26,0,3,수원체육관,수원,2562,현대캐피탈,1:18,245,201
2006,2005,2025.3.16,16:00,18:07,1,3,화성종합실내체육관,화성,2348,GS칼텍스,1:56,246,201
1004,1001,2025.3.18,19:00,20:34,0,3,경민대학교 기념관(체육관),의정부,1402,대한항공,1:26,247,201
2007,2001,2025.3.18,19:00,20:55,1,3,페퍼스타디움,광주,1564,현대건설,1:44,248,201
1009,1002,2025.3.19,19:00,21:30,3,2,서울장충체육관,서울,2411,삼성화재,2:16,249,201
2003,2002,2025.3.19,19:00,21:14,2,3,대전충무체육관,대전,1305,한국도로공사,2:00,250,201
1005,1008,2025.3.20,19:00,20:33,3,0,천안유관순체육관,천안,2667,OK저축은행,1:25,251,201
2005,2004,2025.3.20,19:00,20:35,3,0,서울장충체육관,서울,3461,흥국생명,1:27,252,201
2001,2003,2025.3.25,19:00,20:36,0,3,수원체육관,수원,1519,정관장,1:28,255,202
1004,1001,2025.3.26,19:00,21:16,3,1,경민대학교 기념관(체육관),의정부,1611,대한항공,2:05,256,202
2003,2001,2025.3.27,19:00,20:31,0,3,대전충무체육관,대전,2109,현대건설,1:23,257,202
1001,1004,2025.3.28,19:00,20:36,3,0,인천계양체육관,인천,2036,KB손해보험,1:28,258,202
2001,2003,2025.3.29,14:00,15:57,1,3,수원체육관,수원,2648,정관장,1:46,259,202
1004,1001,2025.3.30,14:00,15:44,0,3,경민대학교 기념관(체육관),의정부,1750,대한항공,1:36,260,202
2004,2003,2025.3.31,19:00,20:31,3,0,인천삼산월드체육관,인천,5821,정관장,1:23,261,203
1005,1001,2025.4.1,19:00,21:18,3,1,천안유관순체육관,천안,3207,대한항공,2:07,262,203
2004,2003,2025.4.2,19:00,21:28,3,2,인천삼산월드체육관,인천,5943,정관장,2:14,263,203
1005,1001,2025.4.3,19:00,21:22,3,1,천안유관순체육관,천안,3326,대한항공,2:11,264,203
2003,2004,2025.4.4,19:00,21:48,3,2,대전충무체육관,대전,3363,흥국생명,2:34,265,203
1001,1005,2025.4.5,14:00,16:17,1,3,인천계양체육관,인천,2343,현대캐피탈,2:06,266,203
2003,2004,2025.4.6,14:00,16:49,3,2,대전충무체육관,대전,3405,흥국생명,2:35,267,203
2004,2003,2025.4.8,19:00,21:47,3,2,인천삼산월드체육관,인천,6082,정관장,2:33,269,203